ID,Name,Age,Gender,Email,Phone,Address,City,State,Country
1,Jane Smith,65,Female,jane.smith1@example.com,+1-350-328-3286,1779 Pine St,Los Angeles,CA,USA
2,Hank Davis,20,Male,hank.davis2@example.com,+1-195-323-4811,8379 Pine St,New York,NY,USA
3,Grace Brown,63,Female,grace.brown3@example.com,+1-325-559-5557,206 2nd St,San Antonio,TX,USA
4,Diana Jones,27,Male,diana.jones4@example.com,+1-881-444-2674,1619 Oak St,Los Angeles,CA,USA
5,Diana Miller,56,Female,diana.miller5@example.com,+1-926-144-8527,8885 Main St,San Antonio,TX,USA
6,Jane Rodriguez,36,Female,jane.rodriguez6@example.com,+1-691-296-2139,850 2nd St,Phoenix,AZ,USA
7,Jane Brown,24,Female,jane.brown7@example.com,+1-384-564-6977,2764 3rd St,Philadelphia,PA,USA
8,Bob Jones,62,Male,bob.jones8@example.com,+1-723-750-3803,8851 2nd St,Chicago,IL,USA
9,Frank Davis,35,Male,frank.davis9@example.com,+1-801-432-1916,3852 Main St,Philadelphia,PA,USA
10,Eve Jones,22,Male,eve.jones10@example.com,+1-680-997-6155,3583 Oak St,San Antonio,TX,USA
11,Frank Williams,34,Male,frank.williams11@example.com,+1-352-862-9830,4404 Pine St,San Antonio,TX,USA
12,Hank Davis,41,Male,hank.davis12@example.com,+1-241-621-9085,1589 Main St,Los Angeles,CA,USA
13,Alice Williams,68,Female,alice.williams13@example.com,+1-710-165-7304,6352 Pine St,San Diego,CA,USA
14,Grace Jones,53,Male,grace.jones14@example.com,+1-796-838-2876,8897 3rd St,Philadelphia,PA,USA
15,Jane Jones,45,Male,jane.jones15@example.com,+1-564-103-5315,8301 2nd St,Dallas,TX,USA
16,Jane Jones,58,Male,jane.jones16@example.com,+1-256-482-3646,8937 Pine St,New York,NY,USA
17,Hank Miller,49,Male,hank.miller17@example.com,+1-214-471-6038,4023 Main St,Houston,TX,USA
18,Hank Johnson,23,Female,hank.johnson18@example.com,+1-935-170-9727,2160 2nd St,San Diego,CA,USA
19,Grace Williams,34,Female,grace.williams19@example.com,+1-316-652-4295,5207 Oak St,Philadelphia,PA,USA
20,Frank Rodriguez,46,Male,frank.rodriguez20@example.com,+1-353-330-2049,5639 Main St,San Jose,CA,USA
21,Grace Brown,55,Male,grace.brown21@example.com,+1-107-172-1964,3850 Main St,New York,NY,USA
22,Diana Johnson,50,Male,diana.johnson22@example.com,+1-385-785-8953,3610 Pine St,Chicago,IL,USA
23,Hank Wilson,48,Male,hank.wilson23@example.com,+1-903-584-7669,3219 Main St,Los Angeles,CA,USA
24,Eve Miller,45,Female,eve.miller24@example.com,+1-578-984-1887,1712 Main St,San Antonio,TX,USA
25,Diana Johnson,33,Male,diana.johnson25@example.com,+1-294-649-8350,2396 Oak St,Chicago,IL,USA
26,Charlie Garcia,33,Male,charlie.garcia26@example.com,+1-553-927-2604,928 Pine St,New York,NY,USA
27,Jane Brown,28,Female,jane.brown27@example.com,+1-597-592-4502,6670 Main St,Chicago,IL,USA
28,Eve Smith,42,Female,eve.smith28@example.com,+1-902-903-8454,4773 Oak St,Dallas,TX,USA
29,Frank Williams,30,Female,frank.williams29@example.com,+1-322-159-9883,1098 3rd St,New York,NY,USA
30,John Wilson,48,Male,john.wilson30@example.com,+1-158-620-2312,3144 Main St,San Jose,CA,USA
31,Jane Brown,43,Male,jane.brown31@example.com,+1-683-352-1651,1443 Oak St,San Jose,CA,USA
32,Hank Rodriguez,38,Female,hank.rodriguez32@example.com,+1-309-785-6147,4010 3rd St,San Antonio,TX,USA
33,Alice Jones,47,Female,alice.jones33@example.com,+1-869-174-1152,7608 Pine St,San Jose,CA,USA
34,Jane Johnson,52,Male,jane.johnson34@example.com,+1-618-371-3170,5818 Main St,Houston,TX,USA
35,Diana Jones,28,Female,diana.jones35@example.com,+1-953-656-5956,8766 Main St,Dallas,TX,USA
36,Charlie Johnson,26,Female,charlie.johnson36@example.com,+1-218-209-3546,4562 3rd St,San Jose,CA,USA
37,Bob Miller,31,Female,bob.miller37@example.com,+1-617-600-5114,932 Main St,San Antonio,TX,USA
38,Charlie Smith,18,Female,charlie.smith38@example.com,+1-889-233-5291,2747 Oak St,Dallas,TX,USA
39,Eve Rodriguez,18,Male,eve.rodriguez39@example.com,+1-177-807-3442,9038 Main St,Philadelphia,PA,USA
40,Hank Rodriguez,27,Female,hank.rodriguez40@example.com,+1-230-142-6050,6074 Main St,Philadelphia,PA,USA
41,Bob Brown,60,Male,bob.brown41@example.com,+1-462-898-7658,2632 2nd St,Chicago,IL,USA
42,Alice Davis,19,Male,alice.davis42@example.com,+1-854-440-7745,4165 3rd St,Chicago,IL,USA
43,Jane Davis,20,Female,jane.davis43@example.com,+1-327-304-8541,5828 3rd St,Houston,TX,USA
44,Bob Smith,60,Male,bob.smith44@example.com,+1-508-436-5564,1237 3rd St,Philadelphia,PA,USA
45,Grace Davis,61,Female,grace.davis45@example.com,+1-128-218-5279,3025 Pine St,Phoenix,AZ,USA
46,John Johnson,56,Female,john.johnson46@example.com,+1-453-846-6139,7249 Pine St,Dallas,TX,USA
47,Jane Davis,54,Male,jane.davis47@example.com,+1-360-145-8144,127 Pine St,Dallas,TX,USA
48,Bob Miller,45,Male,bob.miller48@example.com,+1-780-438-6143,2141 3rd St,Dallas,TX,USA
49,Charlie Davis,38,Female,charlie.davis49@example.com,+1-813-402-3085,3243 Oak St,San Antonio,TX,USA
50,Alice Wilson,54,Female,alice.wilson50@example.com,+1-515-661-1006,5078 3rd St,Houston,TX,USA
51,Eve Wilson,56,Female,eve.wilson51@example.com,+1-576-552-8244,3601 Pine St,San Diego,CA,USA
52,Alice Johnson,36,Female,alice.johnson52@example.com,+1-195-938-4848,5185 2nd St,Houston,TX,USA
53,Alice Smith,20,Male,alice.smith53@example.com,+1-586-725-2193,7561 Oak St,San Jose,CA,USA
54,Bob Davis,49,Female,bob.davis54@example.com,+1-349-251-1090,1846 Oak St,Houston,TX,USA
55,Alice Rodriguez,47,Male,alice.rodriguez55@example.com,+1-670-355-2988,7578 2nd St,San Diego,CA,USA
56,Grace Rodriguez,56,Female,grace.rodriguez56@example.com,+1-873-553-9270,7091 Pine St,San Diego,CA,USA
57,Alice Garcia,46,Female,alice.garcia57@example.com,+1-869-353-5543,8640 Oak St,Houston,TX,USA
58,Charlie Garcia,22,Female,charlie.garcia58@example.com,+1-340-378-6502,5338 Pine St,Los Angeles,CA,USA
59,Alice Williams,32,Female,alice.williams59@example.com,+1-810-256-4505,1152 Oak St,San Antonio,TX,USA
60,Diana Rodriguez,47,Female,diana.rodriguez60@example.com,+1-163-311-7883,6481 Pine St,New York,NY,USA
61,Hank Davis,48,Male,hank.davis61@example.com,+1-460-405-7389,6965 Pine St,Dallas,TX,USA
62,Hank Brown,49,Male,hank.brown62@example.com,+1-379-546-8956,575 Oak St,Philadelphia,PA,USA
63,Eve Williams,47,Male,eve.williams63@example.com,+1-737-646-1441,6555 Pine St,San Jose,CA,USA
64,John Johnson,59,Female,john.johnson64@example.com,+1-238-987-8564,3077 Main St,Phoenix,AZ,USA
65,Eve Miller,31,Female,eve.miller65@example.com,+1-434-445-7211,4658 Oak St,Phoenix,AZ,USA
66,Jane Garcia,19,Male,jane.garcia66@example.com,+1-458-329-2124,759 Main St,Houston,TX,USA
67,Bob Smith,57,Male,bob.smith67@example.com,+1-344-229-8758,1974 Pine St,Houston,TX,USA
68,Frank Jones,67,Female,frank.jones68@example.com,+1-271-720-2876,2783 3rd St,Los Angeles,CA,USA
69,Hank Smith,37,Female,hank.smith69@example.com,+1-506-832-4249,1345 Pine St,Houston,TX,USA
70,Jane Jones,61,Male,jane.jones70@example.com,+1-915-679-1672,5788 Pine St,San Antonio,TX,USA
71,Diana Johnson,50,Female,diana.johnson71@example.com,+1-112-969-7882,8131 Main St,San Antonio,TX,USA
72,Diana Garcia,63,Male,diana.garcia72@example.com,+1-545-280-9548,4525 Pine St,Dallas,TX,USA
73,Frank Garcia,45,Female,frank.garcia73@example.com,+1-430-972-5022,1519 3rd St,San Diego,CA,USA
74,Bob Garcia,54,Female,bob.garcia74@example.com,+1-444-129-9098,5425 2nd St,San Diego,CA,USA
75,Bob Miller,69,Female,bob.miller75@example.com,+1-448-386-5526,9206 Main St,Dallas,TX,USA
76,Bob Johnson,33,Female,bob.johnson76@example.com,+1-600-668-4937,7900 Oak St,San Diego,CA,USA
77,John Johnson,36,Male,john.johnson77@example.com,+1-514-808-4986,5116 Pine St,Philadelphia,PA,USA
78,Frank Rodriguez,51,Female,frank.rodriguez78@example.com,+1-535-863-6419,5864 Oak St,Phoenix,AZ,USA
79,Charlie Jones,32,Male,charlie.jones79@example.com,+1-838-297-6169,2058 Pine St,Chicago,IL,USA
80,Bob Brown,65,Female,bob.brown80@example.com,+1-383-841-9595,9877 3rd St,Los Angeles,CA,USA
81,Bob Jones,32,Female,bob.jones81@example.com,+1-283-409-1231,8851 2nd St,Phoenix,AZ,USA
82,John Smith,53,Female,john.smith82@example.com,+1-814-229-9042,1780 Main St,San Jose,CA,USA
83,Charlie Garcia,48,Female,charlie.garcia83@example.com,+1-448-288-1841,4236 Oak St,Los Angeles,CA,USA
84,Jane Davis,49,Male,jane.davis84@example.com,+1-690-744-1878,2585 2nd St,San Jose,CA,USA
85,Charlie Johnson,33,Male,charlie.johnson85@example.com,+1-671-882-7818,9866 Pine St,Houston,TX,USA
86,Grace Davis,46,Female,grace.davis86@example.com,+1-404-980-8025,5103 Pine St,San Jose,CA,USA
87,John Wilson,65,Male,john.wilson87@example.com,+1-881-312-4457,4435 Main St,Chicago,IL,USA
88,Bob Williams,53,Male,bob.williams88@example.com,+1-260-102-7693,7481 Pine St,San Diego,CA,USA
89,Charlie Smith,32,Female,charlie.smith89@example.com,+1-823-389-8438,1266 2nd St,Phoenix,AZ,USA
90,Hank Brown,45,Male,hank.brown90@example.com,+1-657-330-3441,4452 2nd St,Los Angeles,CA,USA
91,John Williams,68,Female,john.williams91@example.com,+1-709-866-5728,7295 Main St,San Diego,CA,USA
92,Charlie Davis,35,Female,charlie.davis92@example.com,+1-548-182-1653,7178 3rd St,San Jose,CA,USA
93,Charlie Smith,23,Male,charlie.smith93@example.com,+1-790-956-1339,4515 Pine St,New York,NY,USA
94,Alice Garcia,51,Female,alice.garcia94@example.com,+1-384-285-8141,8156 Main St,San Diego,CA,USA
95,Diana Davis,39,Female,diana.davis95@example.com,+1-786-207-3634,5503 Oak St,San Diego,CA,USA
96,Charlie Davis,70,Male,charlie.davis96@example.com,+1-565-190-6153,4235 3rd St,Los Angeles,CA,USA
97,Eve Rodriguez,70,Male,eve.rodriguez97@example.com,+1-773-990-9889,7669 Oak St,New York,NY,USA
98,Bob Rodriguez,41,Female,bob.rodriguez98@example.com,+1-740-552-1845,3435 3rd St,Dallas,TX,USA
99,Alice Jones,46,Female,alice.jones99@example.com,+1-224-129-4920,2694 3rd St,Dallas,TX,USA
100,John Rodriguez,44,Male,john.rodriguez100@example.com,+1-330-961-2858,7660 Main St,Chicago,IL,USA
101,Frank Jones,50,Female,frank.jones101@example.com,+1-525-954-8905,7836 2nd St,San Diego,CA,USA
102,Grace Williams,42,Male,grace.williams102@example.com,+1-713-620-3236,1243 3rd St,San Antonio,TX,USA
103,Diana Rodriguez,35,Male,diana.rodriguez103@example.com,+1-389-843-5891,9716 Pine St,San Diego,CA,USA
104,Alice Garcia,52,Female,alice.garcia104@example.com,+1-453-440-9903,6280 Oak St,Philadelphia,PA,USA
105,Bob Brown,54,Female,bob.brown105@example.com,+1-339-976-7730,815 3rd St,San Diego,CA,USA
106,Eve Davis,60,Male,eve.davis106@example.com,+1-607-137-3068,8329 Pine St,Philadelphia,PA,USA
107,Jane Garcia,24,Female,jane.garcia107@example.com,+1-115-839-3361,6817 2nd St,Los Angeles,CA,USA
108,Frank Jones,39,Female,frank.jones108@example.com,+1-765-182-6383,8842 Oak St,Philadelphia,PA,USA
109,Frank Rodriguez,20,Male,frank.rodriguez109@example.com,+1-340-746-5708,3827 Main St,San Antonio,TX,USA
110,Jane Johnson,46,Male,jane.johnson110@example.com,+1-810-406-1474,853 3rd St,New York,NY,USA
111,Charlie Miller,41,Female,charlie.miller111@example.com,+1-249-350-9702,6851 Pine St,Chicago,IL,USA
112,Alice Williams,23,Female,alice.williams112@example.com,+1-734-799-4945,8253 Pine St,Chicago,IL,USA
113,Bob Garcia,58,Female,bob.garcia113@example.com,+1-570-361-1153,7722 3rd St,Dallas,TX,USA
114,Alice Johnson,46,Female,alice.johnson114@example.com,+1-701-406-7951,4197 Oak St,Phoenix,AZ,USA
115,Bob Davis,48,Male,bob.davis115@example.com,+1-342-490-6881,9517 3rd St,Phoenix,AZ,USA
116,John Davis,35,Male,john.davis116@example.com,+1-679-985-1803,8238 3rd St,Houston,TX,USA
117,Hank Miller,32,Male,hank.miller117@example.com,+1-735-356-3240,1691 Main St,Phoenix,AZ,USA
118,Frank Smith,55,Female,frank.smith118@example.com,+1-849-234-2476,4935 3rd St,San Antonio,TX,USA
119,Alice Brown,26,Female,alice.brown119@example.com,+1-643-613-5465,2795 3rd St,San Diego,CA,USA
120,Charlie Miller,69,Male,charlie.miller120@example.com,+1-579-177-3306,3796 Oak St,Dallas,TX,USA
121,Diana Johnson,68,Female,diana.johnson121@example.com,+1-114-370-9791,2124 Oak St,Philadelphia,PA,USA
122,Charlie Wilson,42,Female,charlie.wilson122@example.com,+1-210-791-4830,7824 Main St,San Jose,CA,USA
123,Grace Miller,57,Male,grace.miller123@example.com,+1-763-164-8606,5051 Oak St,Los Angeles,CA,USA
124,Alice Smith,20,Female,alice.smith124@example.com,+1-604-218-2592,3946 Pine St,Chicago,IL,USA
125,Eve Garcia,41,Female,eve.garcia125@example.com,+1-701-860-3531,6897 Main St,San Diego,CA,USA
126,Hank Davis,35,Male,hank.davis126@example.com,+1-806-479-4559,7364 Oak St,Houston,TX,USA
127,Diana Johnson,61,Female,diana.johnson127@example.com,+1-657-760-6876,1092 Oak St,Phoenix,AZ,USA
128,Bob Johnson,70,Female,bob.johnson128@example.com,+1-193-778-4475,9883 Main St,New York,NY,USA
129,Diana Brown,26,Male,diana.brown129@example.com,+1-170-949-4394,9707 2nd St,Houston,TX,USA
130,Diana Williams,68,Male,diana.williams130@example.com,+1-383-979-3370,2229 Pine St,Phoenix,AZ,USA
131,Alice Johnson,60,Male,alice.johnson131@example.com,+1-234-115-6869,3998 Pine St,Philadelphia,PA,USA
132,John Williams,34,Male,john.williams132@example.com,+1-229-859-7897,8719 Main St,Los Angeles,CA,USA
133,Frank Garcia,67,Female,frank.garcia133@example.com,+1-625-707-2786,7505 Pine St,Houston,TX,USA
134,Hank Smith,64,Female,hank.smith134@example.com,+1-569-758-1510,1096 Oak St,San Antonio,TX,USA
135,Eve Johnson,49,Female,eve.johnson135@example.com,+1-175-182-6277,2530 Main St,Chicago,IL,USA
136,Charlie Wilson,58,Female,charlie.wilson136@example.com,+1-490-711-9692,4931 Oak St,Dallas,TX,USA
137,Hank Davis,24,Male,hank.davis137@example.com,+1-973-770-4522,7146 Oak St,Houston,TX,USA
138,Eve Miller,70,Female,eve.miller138@example.com,+1-508-525-2557,5220 Oak St,Philadelphia,PA,USA
139,Charlie Miller,27,Female,charlie.miller139@example.com,+1-168-193-2398,1627 Oak St,Los Angeles,CA,USA
140,Diana Williams,53,Male,diana.williams140@example.com,+1-700-675-6400,2102 Oak St,Philadelphia,PA,USA
141,Eve Smith,36,Female,eve.smith141@example.com,+1-460-206-9313,3585 2nd St,San Diego,CA,USA
142,Bob Johnson,40,Female,bob.johnson142@example.com,+1-217-880-5564,9506 2nd St,San Antonio,TX,USA
143,Grace Wilson,57,Male,grace.wilson143@example.com,+1-723-773-5381,574 2nd St,Phoenix,AZ,USA
144,Charlie Miller,40,Male,charlie.miller144@example.com,+1-285-990-3347,9378 Oak St,Los Angeles,CA,USA
145,Alice Smith,23,Male,alice.smith145@example.com,+1-485-529-8432,5685 2nd St,Philadelphia,PA,USA
146,Charlie Miller,67,Male,charlie.miller146@example.com,+1-153-259-3579,915 Main St,Phoenix,AZ,USA
147,Frank Davis,49,Female,frank.davis147@example.com,+1-524-379-4531,8494 Main St,Philadelphia,PA,USA
148,Eve Johnson,36,Female,eve.johnson148@example.com,+1-639-783-6053,844 2nd St,San Antonio,TX,USA
149,Hank Smith,18,Male,hank.smith149@example.com,+1-408-316-3248,4286 3rd St,Philadelphia,PA,USA
150,Jane Smith,49,Female,jane.smith150@example.com,+1-279-232-7229,8825 2nd St,Dallas,TX,USA
151,Grace Miller,22,Female,grace.miller151@example.com,+1-982-859-1693,7247 Main St,San Diego,CA,USA
152,Jane Miller,54,Female,jane.miller152@example.com,+1-687-514-7843,4843 Main St,San Antonio,TX,USA
153,John Miller,28,Female,john.miller153@example.com,+1-951-806-6928,1543 Oak St,Los Angeles,CA,USA
154,Bob Davis,55,Female,bob.davis154@example.com,+1-636-180-7484,5183 3rd St,Houston,TX,USA
155,Diana Williams,22,Male,diana.williams155@example.com,+1-643-622-4176,5824 3rd St,Chicago,IL,USA
156,Bob Johnson,27,Female,bob.johnson156@example.com,+1-302-277-3504,1334 2nd St,San Diego,CA,USA
157,Frank Wilson,66,Female,frank.wilson157@example.com,+1-797-678-6295,5279 2nd St,San Diego,CA,USA
158,Jane Garcia,46,Female,jane.garcia158@example.com,+1-915-381-1920,5866 Pine St,Los Angeles,CA,USA
159,Charlie Garcia,46,Male,charlie.garcia159@example.com,+1-158-477-5703,1357 Main St,San Jose,CA,USA
160,Hank Rodriguez,42,Female,hank.rodriguez160@example.com,+1-694-667-1672,7468 Pine St,Houston,TX,USA
161,Diana Wilson,48,Male,diana.wilson161@example.com,+1-163-561-2695,5726 Main St,Dallas,TX,USA
162,Alice Smith,33,Female,alice.smith162@example.com,+1-549-636-9564,2700 3rd St,Philadelphia,PA,USA
163,Charlie Davis,44,Female,charlie.davis163@example.com,+1-795-712-1857,5582 Main St,Philadelphia,PA,USA
164,Jane Rodriguez,61,Female,jane.rodriguez164@example.com,+1-390-358-3463,5561 Main St,San Jose,CA,USA
165,Alice Miller,37,Female,alice.miller165@example.com,+1-232-709-2388,5172 Pine St,San Antonio,TX,USA
166,Diana Williams,60,Male,diana.williams166@example.com,+1-761-786-7937,8431 3rd St,New York,NY,USA
167,Diana Jones,29,Male,diana.jones167@example.com,+1-449-884-8967,3245 2nd St,Chicago,IL,USA
168,Alice Johnson,36,Male,alice.johnson168@example.com,+1-619-889-9843,8726 Main St,Philadelphia,PA,USA
169,Hank Williams,56,Female,hank.williams169@example.com,+1-257-266-3962,2812 Oak St,New York,NY,USA
170,Eve Miller,61,Male,eve.miller170@example.com,+1-554-725-5668,7455 2nd St,Dallas,TX,USA
171,Bob Jones,69,Female,bob.jones171@example.com,+1-955-298-7026,9445 Oak St,San Diego,CA,USA
172,Charlie Davis,50,Female,charlie.davis172@example.com,+1-265-936-4271,2367 3rd St,New York,NY,USA
173,Frank Miller,53,Male,frank.miller173@example.com,+1-828-966-9452,2142 3rd St,Los Angeles,CA,USA
174,Alice Jones,46,Male,alice.jones174@example.com,+1-950-547-2502,3737 Oak St,Philadelphia,PA,USA
175,John Davis,21,Female,john.davis175@example.com,+1-614-482-4862,6426 Main St,Philadelphia,PA,USA
176,Bob Smith,38,Male,bob.smith176@example.com,+1-959-831-6493,2492 2nd St,New York,NY,USA
177,Charlie Garcia,62,Male,charlie.garcia177@example.com,+1-877-822-8685,7449 Pine St,New York,NY,USA
178,Jane Smith,34,Male,jane.smith178@example.com,+1-955-253-9991,8747 Oak St,Los Angeles,CA,USA
179,Charlie Brown,37,Male,charlie.brown179@example.com,+1-148-344-7878,7589 Main St,Los Angeles,CA,USA
180,Frank Wilson,52,Male,frank.wilson180@example.com,+1-747-627-4963,2452 3rd St,San Antonio,TX,USA
181,John Wilson,40,Male,john.wilson181@example.com,+1-684-526-4068,1502 Pine St,Philadelphia,PA,USA
182,Jane Rodriguez,52,Male,jane.rodriguez182@example.com,+1-499-994-8702,813 Oak St,Philadelphia,PA,USA
183,Charlie Smith,40,Male,charlie.smith183@example.com,+1-453-346-2698,9633 3rd St,Chicago,IL,USA
184,John Miller,52,Female,john.miller184@example.com,+1-933-758-3868,7712 Oak St,Chicago,IL,USA
185,Alice Johnson,63,Female,alice.johnson185@example.com,+1-137-400-4302,817 2nd St,New York,NY,USA
186,Diana Jones,50,Female,diana.jones186@example.com,+1-934-656-8756,4250 Main St,Houston,TX,USA
187,Charlie Miller,67,Male,charlie.miller187@example.com,+1-986-771-6438,4576 Main St,Philadelphia,PA,USA
188,Eve Davis,65,Female,eve.davis188@example.com,+1-495-447-4060,8229 Oak St,Philadelphia,PA,USA
189,Grace Jones,69,Male,grace.jones189@example.com,+1-844-534-2293,7155 Pine St,Chicago,IL,USA
190,Grace Jones,38,Male,grace.jones190@example.com,+1-181-435-5843,5121 Oak St,San Jose,CA,USA
191,Eve Williams,62,Female,eve.williams191@example.com,+1-459-557-1693,5876 Pine St,San Antonio,TX,USA
192,Charlie Smith,22,Female,charlie.smith192@example.com,+1-472-625-3621,610 2nd St,San Jose,CA,USA
193,Frank Smith,26,Male,frank.smith193@example.com,+1-341-897-7001,6033 Oak St,San Jose,CA,USA
194,John Wilson,27,Female,john.wilson194@example.com,+1-479-480-8273,1359 Pine St,Chicago,IL,USA
195,Grace Miller,43,Female,grace.miller195@example.com,+1-765-385-5089,1958 Main St,Chicago,IL,USA
196,Frank Rodriguez,42,Male,frank.rodriguez196@example.com,+1-368-893-5264,7411 2nd St,San Jose,CA,USA
197,Charlie Garcia,30,Male,charlie.garcia197@example.com,+1-238-973-2213,7506 2nd St,San Diego,CA,USA
198,Jane Miller,60,Female,jane.miller198@example.com,+1-826-166-9882,4857 3rd St,Chicago,IL,USA
199,Alice Miller,50,Male,alice.miller199@example.com,+1-224-305-3275,3978 Oak St,New York,NY,USA
200,Diana Rodriguez,54,Female,diana.rodriguez200@example.com,+1-578-922-3126,1512 Main St,Phoenix,AZ,USA
201,Eve Garcia,51,Female,eve.garcia201@example.com,+1-887-519-2208,2153 3rd St,Los Angeles,CA,USA
202,Frank Garcia,61,Female,frank.garcia202@example.com,+1-231-999-3981,2214 Oak St,Dallas,TX,USA
203,John Johnson,51,Male,john.johnson203@example.com,+1-411-268-3653,5386 2nd St,Philadelphia,PA,USA
204,Grace Jones,23,Female,grace.jones204@example.com,+1-301-750-5496,2150 3rd St,San Jose,CA,USA
205,Grace Johnson,50,Male,grace.johnson205@example.com,+1-706-694-3526,2904 Pine St,San Jose,CA,USA
206,Diana Wilson,20,Male,diana.wilson206@example.com,+1-183-146-5336,3553 Pine St,San Antonio,TX,USA
207,Hank Smith,49,Female,hank.smith207@example.com,+1-757-409-8912,4112 Oak St,Phoenix,AZ,USA
208,Frank Johnson,62,Male,frank.johnson208@example.com,+1-261-550-7809,8033 Oak St,Houston,TX,USA
209,Diana Wilson,27,Female,diana.wilson209@example.com,+1-982-835-6231,5758 Oak St,Chicago,IL,USA
210,Diana Rodriguez,53,Male,diana.rodriguez210@example.com,+1-426-347-8642,2107 3rd St,San Diego,CA,USA
211,Bob Williams,24,Male,bob.williams211@example.com,+1-397-493-7850,4167 2nd St,Philadelphia,PA,USA
212,Hank Miller,30,Male,hank.miller212@example.com,+1-610-627-8648,8271 3rd St,San Diego,CA,USA
213,John Johnson,43,Female,john.johnson213@example.com,+1-346-320-6781,897 Main St,Phoenix,AZ,USA
214,Frank Wilson,59,Female,frank.wilson214@example.com,+1-392-649-1133,1861 Oak St,Chicago,IL,USA
215,Charlie Miller,66,Female,charlie.miller215@example.com,+1-474-146-7563,938 Pine St,Dallas,TX,USA
216,Bob Miller,53,Female,bob.miller216@example.com,+1-175-495-9261,7478 Pine St,Phoenix,AZ,USA
217,Hank Wilson,25,Male,hank.wilson217@example.com,+1-199-503-7114,5655 Pine St,Philadelphia,PA,USA
218,Alice Brown,56,Female,alice.brown218@example.com,+1-612-141-1742,737 2nd St,Philadelphia,PA,USA
219,Frank Rodriguez,47,Male,frank.rodriguez219@example.com,+1-720-627-3290,5473 Pine St,Philadelphia,PA,USA
220,Alice Davis,57,Female,alice.davis220@example.com,+1-707-444-9311,8451 Pine St,San Diego,CA,USA
221,Hank Jones,48,Male,hank.jones221@example.com,+1-477-439-2795,6924 Pine St,Phoenix,AZ,USA
222,John Wilson,48,Female,john.wilson222@example.com,+1-771-901-4728,941 Pine St,San Diego,CA,USA
223,Alice Rodriguez,58,Female,alice.rodriguez223@example.com,+1-251-941-4968,617 Pine St,Los Angeles,CA,USA
224,Bob Smith,46,Female,bob.smith224@example.com,+1-528-255-7765,3440 Oak St,Dallas,TX,USA
225,Hank Garcia,65,Male,hank.garcia225@example.com,+1-822-241-9498,3497 Pine St,Philadelphia,PA,USA
226,Frank Rodriguez,42,Female,frank.rodriguez226@example.com,+1-277-570-9734,5708 Pine St,Philadelphia,PA,USA
227,Charlie Wilson,48,Male,charlie.wilson227@example.com,+1-352-385-5890,3784 3rd St,Phoenix,AZ,USA
228,Bob Garcia,38,Female,bob.garcia228@example.com,+1-457-673-5480,4815 Main St,San Jose,CA,USA
229,Grace Davis,43,Female,grace.davis229@example.com,+1-891-923-3399,4858 Main St,Phoenix,AZ,USA
230,Jane Miller,46,Female,jane.miller230@example.com,+1-865-590-4505,3410 Pine St,Phoenix,AZ,USA
231,Grace Jones,26,Male,grace.jones231@example.com,+1-730-858-4920,4072 Main St,Dallas,TX,USA
232,Bob Brown,21,Male,bob.brown232@example.com,+1-523-438-8739,1747 2nd St,New York,NY,USA
233,Grace Williams,44,Female,grace.williams233@example.com,+1-588-766-4267,4806 3rd St,Phoenix,AZ,USA
234,John Johnson,59,Male,john.johnson234@example.com,+1-647-856-1611,2968 Oak St,Chicago,IL,USA
235,John Davis,68,Female,john.davis235@example.com,+1-290-866-5742,713 Main St,Phoenix,AZ,USA
236,Hank Wilson,24,Female,hank.wilson236@example.com,+1-391-565-9901,8690 Oak St,Chicago,IL,USA
237,Grace Garcia,35,Male,grace.garcia237@example.com,+1-928-215-6417,2762 Oak St,Phoenix,AZ,USA
238,Alice Smith,65,Female,alice.smith238@example.com,+1-909-402-4164,2975 Pine St,San Antonio,TX,USA
239,Eve Rodriguez,38,Male,eve.rodriguez239@example.com,+1-510-785-2562,3127 2nd St,San Diego,CA,USA
240,Diana Brown,18,Female,diana.brown240@example.com,+1-492-341-8319,4474 3rd St,Phoenix,AZ,USA
241,Hank Wilson,18,Female,hank.wilson241@example.com,+1-769-468-4871,1117 Main St,San Diego,CA,USA
242,Charlie Williams,43,Female,charlie.williams242@example.com,+1-806-220-5833,6121 Pine St,Houston,TX,USA
243,Bob Williams,48,Male,bob.williams243@example.com,+1-565-865-7121,6913 Pine St,San Diego,CA,USA
244,Grace Brown,66,Male,grace.brown244@example.com,+1-796-872-2341,8709 Oak St,Dallas,TX,USA
245,Diana Johnson,54,Male,diana.johnson245@example.com,+1-163-948-9972,8381 2nd St,San Jose,CA,USA
246,Grace Williams,28,Female,grace.williams246@example.com,+1-974-632-8239,2004 2nd St,San Jose,CA,USA
247,Frank Johnson,50,Female,frank.johnson247@example.com,+1-928-156-8429,2261 Pine St,San Antonio,TX,USA
248,Frank Wilson,21,Female,frank.wilson248@example.com,+1-788-926-6049,456 Oak St,Phoenix,AZ,USA
249,John Brown,55,Male,john.brown249@example.com,+1-146-533-6644,1144 Pine St,New York,NY,USA
250,Jane Garcia,20,Female,jane.garcia250@example.com,+1-518-284-3218,6987 3rd St,San Antonio,TX,USA
251,Frank Davis,42,Male,frank.davis251@example.com,+1-799-777-9835,2278 3rd St,Los Angeles,CA,USA
252,Alice Rodriguez,43,Male,alice.rodriguez252@example.com,+1-845-328-1056,472 3rd St,San Diego,CA,USA
253,Grace Davis,52,Female,grace.davis253@example.com,+1-943-335-5055,7646 3rd St,Chicago,IL,USA
254,Charlie Brown,64,Male,charlie.brown254@example.com,+1-132-928-7868,356 2nd St,Houston,TX,USA
255,Jane Johnson,56,Male,jane.johnson255@example.com,+1-557-712-1797,4109 Main St,San Antonio,TX,USA
256,Frank Brown,52,Male,frank.brown256@example.com,+1-872-984-1924,2395 Pine St,Phoenix,AZ,USA
257,Bob Wilson,38,Female,bob.wilson257@example.com,+1-342-409-3347,8640 2nd St,San Antonio,TX,USA
258,Charlie Jones,21,Male,charlie.jones258@example.com,+1-741-795-7999,9207 Oak St,New York,NY,USA
259,Diana Davis,68,Female,diana.davis259@example.com,+1-813-526-7688,2544 3rd St,San Antonio,TX,USA
260,Alice Rodriguez,48,Male,alice.rodriguez260@example.com,+1-969-330-5927,2465 Oak St,New York,NY,USA
261,Grace Davis,44,Male,grace.davis261@example.com,+1-497-348-5177,3431 3rd St,Los Angeles,CA,USA
262,Frank Miller,23,Male,frank.miller262@example.com,+1-152-374-7179,9978 Main St,Los Angeles,CA,USA
263,Bob Wilson,64,Male,bob.wilson263@example.com,+1-590-313-6455,5067 Main St,Houston,TX,USA
264,Bob Johnson,65,Female,bob.johnson264@example.com,+1-348-812-4350,6598 2nd St,Dallas,TX,USA
265,Diana Jones,42,Female,diana.jones265@example.com,+1-646-764-6886,5153 3rd St,Philadelphia,PA,USA
266,Grace Garcia,47,Male,grace.garcia266@example.com,+1-922-839-8692,5346 2nd St,Philadelphia,PA,USA
267,Diana Davis,20,Male,diana.davis267@example.com,+1-859-249-1265,4372 Pine St,San Jose,CA,USA
268,Hank Davis,36,Male,hank.davis268@example.com,+1-300-437-4768,6323 Pine St,Houston,TX,USA
269,Frank Rodriguez,59,Female,frank.rodriguez269@example.com,+1-363-881-9005,8137 Oak St,Chicago,IL,USA
270,Diana Williams,26,Female,diana.williams270@example.com,+1-288-655-1962,8684 Main St,Los Angeles,CA,USA
271,John Smith,44,Male,john.smith271@example.com,+1-962-745-4791,1213 2nd St,New York,NY,USA
272,Bob Rodriguez,47,Female,bob.rodriguez272@example.com,+1-161-732-8916,8093 Main St,New York,NY,USA
273,Grace Rodriguez,44,Male,grace.rodriguez273@example.com,+1-117-642-5501,8877 3rd St,New York,NY,USA
274,Grace Davis,69,Male,grace.davis274@example.com,+1-209-198-9591,2539 2nd St,Houston,TX,USA
275,Hank Rodriguez,34,Female,hank.rodriguez275@example.com,+1-373-914-7502,1394 3rd St,San Antonio,TX,USA
276,Frank Wilson,33,Male,frank.wilson276@example.com,+1-407-800-2320,619 Main St,San Antonio,TX,USA
277,Eve Davis,53,Female,eve.davis277@example.com,+1-157-752-1154,2907 Main St,San Diego,CA,USA
278,Eve Miller,54,Male,eve.miller278@example.com,+1-640-143-4764,3563 Pine St,San Diego,CA,USA
279,Charlie Smith,22,Female,charlie.smith279@example.com,+1-656-677-1539,3038 3rd St,New York,NY,USA
280,Bob Wilson,27,Female,bob.wilson280@example.com,+1-178-406-3661,9339 2nd St,San Jose,CA,USA
281,Eve Rodriguez,39,Female,eve.rodriguez281@example.com,+1-873-857-3292,1384 Pine St,Philadelphia,PA,USA
282,John Johnson,45,Male,john.johnson282@example.com,+1-958-177-6580,9858 Oak St,Philadelphia,PA,USA
283,John Jones,68,Female,john.jones283@example.com,+1-602-333-6829,9160 Oak St,San Antonio,TX,USA
284,Alice Wilson,60,Female,alice.wilson284@example.com,+1-187-890-5839,4137 Main St,Los Angeles,CA,USA
285,Charlie Williams,42,Male,charlie.williams285@example.com,+1-857-498-6188,6009 Main St,Los Angeles,CA,USA
286,John Jones,46,Female,john.jones286@example.com,+1-879-376-2674,2270 Main St,Chicago,IL,USA
287,Eve Garcia,53,Female,eve.garcia287@example.com,+1-205-126-2468,5898 Pine St,Los Angeles,CA,USA
288,Hank Wilson,68,Female,hank.wilson288@example.com,+1-984-494-1202,4881 Oak St,San Antonio,TX,USA
289,Jane Rodriguez,33,Male,jane.rodriguez289@example.com,+1-801-489-3777,2374 3rd St,Phoenix,AZ,USA
290,Charlie Garcia,27,Male,charlie.garcia290@example.com,+1-271-545-5521,6999 3rd St,San Diego,CA,USA
291,Jane Miller,34,Male,jane.miller291@example.com,+1-838-740-9123,9828 Pine St,Houston,TX,USA
292,Frank Johnson,26,Female,frank.johnson292@example.com,+1-106-505-6443,6324 3rd St,San Diego,CA,USA
293,Diana Davis,70,Male,diana.davis293@example.com,+1-407-428-4290,7948 3rd St,Chicago,IL,USA
294,Eve Miller,36,Female,eve.miller294@example.com,+1-689-900-4971,5439 Oak St,Phoenix,AZ,USA
295,Eve Miller,25,Male,eve.miller295@example.com,+1-706-658-3947,9112 Main St,San Diego,CA,USA
296,Bob Garcia,69,Female,bob.garcia296@example.com,+1-951-809-2133,6803 Oak St,Chicago,IL,USA
297,Charlie Brown,34,Male,charlie.brown297@example.com,+1-832-533-7176,1311 Oak St,San Jose,CA,USA
298,Frank Wilson,43,Female,frank.wilson298@example.com,+1-656-137-6890,8896 Pine St,Los Angeles,CA,USA
299,Jane Brown,60,Female,jane.brown299@example.com,+1-270-762-1725,9327 Oak St,Philadelphia,PA,USA
300,Eve Johnson,18,Male,eve.johnson300@example.com,+1-364-327-9366,8599 Pine St,San Jose,CA,USA
301,Hank Brown,46,Female,hank.brown301@example.com,+1-500-574-9199,2569 3rd St,New York,NY,USA
302,Frank Johnson,36,Female,frank.johnson302@example.com,+1-187-218-3321,5807 3rd St,Philadelphia,PA,USA
303,Frank Brown,51,Female,frank.brown303@example.com,+1-456-587-2599,7278 Oak St,Philadelphia,PA,USA
304,Jane Jones,20,Male,jane.jones304@example.com,+1-123-969-6620,1891 2nd St,Houston,TX,USA
305,Grace Williams,53,Male,grace.williams305@example.com,+1-438-673-7985,7670 2nd St,San Antonio,TX,USA
306,Alice Williams,58,Female,alice.williams306@example.com,+1-505-129-4232,7465 Pine St,San Antonio,TX,USA
307,Eve Smith,63,Male,eve.smith307@example.com,+1-310-385-2025,9559 Main St,Dallas,TX,USA
308,Alice Miller,38,Male,alice.miller308@example.com,+1-568-216-5298,8119 Pine St,Philadelphia,PA,USA
309,Hank Davis,57,Female,hank.davis309@example.com,+1-701-216-6700,5866 Oak St,San Jose,CA,USA
310,Alice Jones,57,Male,alice.jones310@example.com,+1-788-237-6131,2031 2nd St,Phoenix,AZ,USA
311,Jane Williams,41,Male,jane.williams311@example.com,+1-623-497-7852,9871 2nd St,San Jose,CA,USA
312,Eve Davis,29,Female,eve.davis312@example.com,+1-750-650-3838,9191 2nd St,San Diego,CA,USA
313,Charlie Williams,29,Female,charlie.williams313@example.com,+1-962-561-1878,5982 Main St,San Diego,CA,USA
314,Alice Brown,70,Female,alice.brown314@example.com,+1-675-617-9109,6803 Oak St,San Antonio,TX,USA
315,Frank Garcia,28,Male,frank.garcia315@example.com,+1-678-131-4613,4885 Main St,Phoenix,AZ,USA
316,Bob Rodriguez,36,Male,bob.rodriguez316@example.com,+1-899-568-9115,9106 Pine St,Los Angeles,CA,USA
317,Hank Johnson,35,Female,hank.johnson317@example.com,+1-655-942-1681,7331 Pine St,Houston,TX,USA
318,Eve Johnson,65,Male,eve.johnson318@example.com,+1-404-995-1528,7468 3rd St,Philadelphia,PA,USA
319,Jane Garcia,25,Male,jane.garcia319@example.com,+1-314-930-6744,7115 2nd St,San Jose,CA,USA
320,Alice Brown,70,Male,alice.brown320@example.com,+1-924-160-6747,8820 3rd St,San Jose,CA,USA
321,Grace Williams,38,Female,grace.williams321@example.com,+1-396-686-5380,8528 Main St,Chicago,IL,USA
322,Eve Smith,35,Male,eve.smith322@example.com,+1-818-986-3174,4190 2nd St,Philadelphia,PA,USA
323,Bob Davis,49,Male,bob.davis323@example.com,+1-691-747-5402,6886 Oak St,San Diego,CA,USA
324,Jane Johnson,43,Female,jane.johnson324@example.com,+1-811-998-7046,7549 Oak St,Philadelphia,PA,USA
325,Hank Smith,67,Male,hank.smith325@example.com,+1-848-569-6869,1137 Pine St,San Antonio,TX,USA
326,Bob Davis,70,Male,bob.davis326@example.com,+1-606-374-6289,4746 3rd St,Dallas,TX,USA
327,Hank Williams,54,Female,hank.williams327@example.com,+1-907-451-1793,852 Main St,San Diego,CA,USA
328,John Johnson,28,Female,john.johnson328@example.com,+1-567-100-8009,3414 2nd St,Phoenix,AZ,USA
329,Alice Jones,23,Female,alice.jones329@example.com,+1-356-184-7092,2811 Main St,San Antonio,TX,USA
330,Charlie Brown,45,Male,charlie.brown330@example.com,+1-820-197-1017,3596 Oak St,Los Angeles,CA,USA
331,Alice Wilson,32,Female,alice.wilson331@example.com,+1-109-108-6629,2075 Oak St,Chicago,IL,USA
332,Frank Johnson,32,Female,frank.johnson332@example.com,+1-191-848-2678,1790 3rd St,Philadelphia,PA,USA
333,Charlie Williams,42,Male,charlie.williams333@example.com,+1-756-793-3340,1220 Pine St,San Jose,CA,USA
334,John Wilson,59,Male,john.wilson334@example.com,+1-550-459-4490,2580 Oak St,San Jose,CA,USA
335,Frank Brown,23,Male,frank.brown335@example.com,+1-243-870-3017,9759 Oak St,Philadelphia,PA,USA
336,Eve Miller,68,Male,eve.miller336@example.com,+1-353-383-2380,4165 Pine St,San Jose,CA,USA
337,Hank Wilson,36,Male,hank.wilson337@example.com,+1-968-967-5942,3466 Pine St,San Jose,CA,USA
338,Grace Brown,65,Female,grace.brown338@example.com,+1-402-761-1894,4021 Oak St,San Antonio,TX,USA
339,Jane Brown,49,Male,jane.brown339@example.com,+1-640-112-6916,5285 2nd St,San Antonio,TX,USA
340,Hank Davis,41,Male,hank.davis340@example.com,+1-881-582-2195,373 Pine St,Los Angeles,CA,USA
341,John Jones,31,Male,john.jones341@example.com,+1-161-908-7520,8400 3rd St,Dallas,TX,USA
342,Eve Davis,62,Female,eve.davis342@example.com,+1-184-755-9791,8908 Pine St,Chicago,IL,USA
343,Charlie Johnson,37,Male,charlie.johnson343@example.com,+1-623-308-3545,8888 3rd St,San Antonio,TX,USA
344,Hank Johnson,37,Female,hank.johnson344@example.com,+1-847-966-4909,1048 2nd St,Los Angeles,CA,USA
345,Eve Johnson,47,Male,eve.johnson345@example.com,+1-416-782-3877,2056 Main St,Chicago,IL,USA
346,John Williams,49,Female,john.williams346@example.com,+1-635-629-5247,2835 3rd St,Chicago,IL,USA
347,Charlie Johnson,67,Male,charlie.johnson347@example.com,+1-443-926-8034,4556 Pine St,Los Angeles,CA,USA
348,Charlie Wilson,58,Male,charlie.wilson348@example.com,+1-608-566-9368,6000 Main St,San Diego,CA,USA
349,Hank Williams,41,Male,hank.williams349@example.com,+1-361-891-2685,9502 Main St,Houston,TX,USA
350,Grace Smith,20,Male,grace.smith350@example.com,+1-350-147-8729,6063 Oak St,Chicago,IL,USA
351,Alice Smith,53,Female,alice.smith351@example.com,+1-329-429-5067,6919 3rd St,Phoenix,AZ,USA
352,Jane Wilson,41,Male,jane.wilson352@example.com,+1-614-789-1862,3038 2nd St,Dallas,TX,USA
353,John Davis,22,Female,john.davis353@example.com,+1-986-389-6090,5462 Main St,Dallas,TX,USA
354,Frank Smith,41,Male,frank.smith354@example.com,+1-398-677-5979,4074 Oak St,Philadelphia,PA,USA
355,Hank Garcia,67,Male,hank.garcia355@example.com,+1-850-659-5016,2566 Main St,San Antonio,TX,USA
356,John Brown,52,Female,john.brown356@example.com,+1-751-959-1157,5588 Main St,San Antonio,TX,USA
357,Charlie Johnson,31,Male,charlie.johnson357@example.com,+1-529-603-1981,2432 3rd St,Los Angeles,CA,USA
358,John Brown,51,Female,john.brown358@example.com,+1-817-481-8511,1491 Pine St,Los Angeles,CA,USA
359,Grace Williams,58,Female,grace.williams359@example.com,+1-176-706-2020,7226 2nd St,Houston,TX,USA
360,Charlie Jones,38,Female,charlie.jones360@example.com,+1-817-951-6345,5311 Oak St,Phoenix,AZ,USA
361,Bob Johnson,30,Male,bob.johnson361@example.com,+1-898-888-2785,2646 Main St,Chicago,IL,USA
362,Frank Garcia,38,Female,frank.garcia362@example.com,+1-223-648-6870,3501 Oak St,Phoenix,AZ,USA
363,Frank Jones,25,Male,frank.jones363@example.com,+1-261-926-5984,9984 Main St,Houston,TX,USA
364,Diana Williams,23,Male,diana.williams364@example.com,+1-464-505-9412,902 3rd St,Phoenix,AZ,USA
365,Alice Smith,43,Female,alice.smith365@example.com,+1-669-866-5093,1651 Oak St,Los Angeles,CA,USA
366,Alice Johnson,18,Male,alice.johnson366@example.com,+1-950-899-4641,2241 2nd St,San Antonio,TX,USA
367,Diana Johnson,55,Female,diana.johnson367@example.com,+1-932-176-1357,1156 2nd St,San Diego,CA,USA
368,Alice Johnson,69,Female,alice.johnson368@example.com,+1-225-143-8552,929 2nd St,San Jose,CA,USA
369,Eve Davis,49,Male,eve.davis369@example.com,+1-491-799-7990,2931 3rd St,Houston,TX,USA
370,Alice Jones,35,Female,alice.jones370@example.com,+1-252-135-5026,4935 Oak St,San Antonio,TX,USA
371,Grace Garcia,21,Male,grace.garcia371@example.com,+1-386-492-3248,6968 2nd St,Dallas,TX,USA
372,Bob Rodriguez,68,Male,bob.rodriguez372@example.com,+1-491-900-6883,7959 Pine St,San Diego,CA,USA
373,Diana Wilson,50,Female,diana.wilson373@example.com,+1-497-376-3946,527 3rd St,San Jose,CA,USA
374,Bob Smith,69,Female,bob.smith374@example.com,+1-159-928-8728,8774 3rd St,San Jose,CA,USA
375,Bob Williams,24,Male,bob.williams375@example.com,+1-772-346-5366,8843 Main St,Houston,TX,USA
376,Hank Davis,40,Male,hank.davis376@example.com,+1-280-342-6210,5978 Pine St,New York,NY,USA
377,Diana Wilson,54,Male,diana.wilson377@example.com,+1-676-292-9064,8982 3rd St,Chicago,IL,USA
378,Frank Smith,23,Male,frank.smith378@example.com,+1-338-716-4584,426 Pine St,San Diego,CA,USA
379,John Miller,57,Male,john.miller379@example.com,+1-925-233-6582,3007 3rd St,New York,NY,USA
380,John Williams,55,Male,john.williams380@example.com,+1-892-213-9622,6078 Main St,Philadelphia,PA,USA
381,Eve Wilson,24,Female,eve.wilson381@example.com,+1-409-430-3235,2680 Oak St,San Diego,CA,USA
382,Diana Williams,63,Female,diana.williams382@example.com,+1-328-781-3872,6299 3rd St,Phoenix,AZ,USA
383,Alice Williams,64,Male,alice.williams383@example.com,+1-818-686-7415,9397 Main St,Chicago,IL,USA
384,Hank Miller,69,Male,hank.miller384@example.com,+1-754-679-2705,8229 2nd St,Philadelphia,PA,USA
385,Jane Brown,40,Female,jane.brown385@example.com,+1-271-751-2453,5600 Oak St,New York,NY,USA
386,Charlie Brown,33,Male,charlie.brown386@example.com,+1-458-362-2770,120 Main St,San Antonio,TX,USA
387,Frank Davis,28,Female,frank.davis387@example.com,+1-604-487-6754,9046 Oak St,Los Angeles,CA,USA
388,Frank Wilson,59,Male,frank.wilson388@example.com,+1-266-562-2207,647 3rd St,New York,NY,USA
389,Diana Jones,24,Male,diana.jones389@example.com,+1-450-274-7151,2736 Main St,Dallas,TX,USA
390,Jane Miller,56,Female,jane.miller390@example.com,+1-821-131-8066,2803 Pine St,San Antonio,TX,USA
391,Alice Smith,24,Female,alice.smith391@example.com,+1-310-294-7705,9178 Pine St,Phoenix,AZ,USA
392,Charlie Jones,33,Male,charlie.jones392@example.com,+1-150-502-9043,2616 Main St,Philadelphia,PA,USA
393,John Davis,23,Female,john.davis393@example.com,+1-943-777-8869,3371 Main St,New York,NY,USA
394,Bob Williams,58,Female,bob.williams394@example.com,+1-183-584-2892,5152 Oak St,San Diego,CA,USA
395,Frank Jones,23,Female,frank.jones395@example.com,+1-289-479-7249,6152 2nd St,San Diego,CA,USA
396,John Jones,46,Female,john.jones396@example.com,+1-369-331-5400,9344 Main St,Chicago,IL,USA
397,Jane Johnson,60,Female,jane.johnson397@example.com,+1-927-654-7782,9762 2nd St,Dallas,TX,USA
398,John Davis,70,Female,john.davis398@example.com,+1-648-803-8779,9483 2nd St,San Diego,CA,USA
399,Charlie Johnson,43,Male,charlie.johnson399@example.com,+1-614-684-9467,9463 Pine St,Chicago,IL,USA
400,Jane Garcia,29,Male,jane.garcia400@example.com,+1-316-927-4157,2167 Main St,San Antonio,TX,USA
401,Jane Davis,30,Male,jane.davis401@example.com,+1-954-709-5225,5338 Main St,Los Angeles,CA,USA
402,Eve Rodriguez,43,Female,eve.rodriguez402@example.com,+1-977-382-9514,7606 Main St,San Jose,CA,USA
403,Hank Rodriguez,68,Female,hank.rodriguez403@example.com,+1-215-524-3451,2528 Pine St,San Jose,CA,USA
404,Hank Johnson,24,Male,hank.johnson404@example.com,+1-904-392-9775,5733 Oak St,Phoenix,AZ,USA
405,Eve Garcia,54,Female,eve.garcia405@example.com,+1-138-276-5512,6702 2nd St,San Jose,CA,USA
406,Hank Davis,20,Female,hank.davis406@example.com,+1-439-807-4892,907 Oak St,Phoenix,AZ,USA
407,Diana Smith,39,Female,diana.smith407@example.com,+1-418-387-9054,1709 2nd St,Chicago,IL,USA
408,Charlie Garcia,67,Female,charlie.garcia408@example.com,+1-375-846-7828,1562 2nd St,San Diego,CA,USA
409,Bob Davis,65,Female,bob.davis409@example.com,+1-877-628-7126,1020 Pine St,Chicago,IL,USA
410,Jane Jones,63,Female,jane.jones410@example.com,+1-238-899-9589,9417 Main St,Chicago,IL,USA
411,Bob Brown,21,Male,bob.brown411@example.com,+1-133-567-1828,6004 2nd St,Phoenix,AZ,USA
412,Diana Garcia,50,Female,diana.garcia412@example.com,+1-750-226-1500,4063 3rd St,San Diego,CA,USA
413,Hank Garcia,29,Female,hank.garcia413@example.com,+1-700-664-6730,5740 2nd St,Phoenix,AZ,USA
414,Jane Jones,19,Female,jane.jones414@example.com,+1-150-266-4511,3726 2nd St,Houston,TX,USA
415,Charlie Davis,50,Male,charlie.davis415@example.com,+1-985-899-1145,7867 2nd St,Chicago,IL,USA
416,Hank Smith,32,Female,hank.smith416@example.com,+1-722-924-6004,4611 Oak St,San Antonio,TX,USA
417,Diana Garcia,34,Male,diana.garcia417@example.com,+1-577-409-9530,6606 Pine St,Los Angeles,CA,USA
418,John Rodriguez,60,Female,john.rodriguez418@example.com,+1-674-762-5631,4990 Main St,San Diego,CA,USA
419,Jane Miller,35,Female,jane.miller419@example.com,+1-982-383-5278,4995 2nd St,Chicago,IL,USA
420,Grace Brown,21,Female,grace.brown420@example.com,+1-776-427-3292,517 Oak St,Phoenix,AZ,USA
421,Charlie Davis,43,Female,charlie.davis421@example.com,+1-854-136-4111,5722 2nd St,Dallas,TX,USA
422,Frank Miller,50,Female,frank.miller422@example.com,+1-965-274-3967,4913 Main St,San Diego,CA,USA
423,Alice Jones,64,Male,alice.jones423@example.com,+1-796-443-2463,3741 3rd St,Houston,TX,USA
424,Charlie Davis,68,Female,charlie.davis424@example.com,+1-480-366-5817,7698 Main St,San Diego,CA,USA
425,John Wilson,55,Male,john.wilson425@example.com,+1-583-299-9199,2063 Oak St,Dallas,TX,USA
426,Charlie Davis,21,Male,charlie.davis426@example.com,+1-240-305-6614,6804 Pine St,San Diego,CA,USA
427,Alice Miller,63,Male,alice.miller427@example.com,+1-897-182-8988,5549 2nd St,Philadelphia,PA,USA
428,John Smith,46,Female,john.smith428@example.com,+1-314-879-3762,9541 2nd St,San Diego,CA,USA
429,Jane Williams,57,Female,jane.williams429@example.com,+1-748-539-7609,7129 Oak St,San Antonio,TX,USA
430,John Smith,52,Male,john.smith430@example.com,+1-848-482-1230,5379 Pine St,Houston,TX,USA
431,John Smith,58,Male,john.smith431@example.com,+1-331-810-6641,5213 2nd St,Los Angeles,CA,USA
432,Eve Rodriguez,55,Female,eve.rodriguez432@example.com,+1-271-166-1749,4985 3rd St,San Diego,CA,USA
433,Grace Wilson,51,Female,grace.wilson433@example.com,+1-544-803-3192,5715 Oak St,Philadelphia,PA,USA
434,Bob Williams,69,Female,bob.williams434@example.com,+1-119-333-4675,2249 2nd St,New York,NY,USA
435,Hank Rodriguez,28,Male,hank.rodriguez435@example.com,+1-475-828-1612,6247 3rd St,Dallas,TX,USA
436,Hank Smith,56,Male,hank.smith436@example.com,+1-777-210-1323,890 Main St,San Antonio,TX,USA
437,Frank Davis,25,Female,frank.davis437@example.com,+1-585-818-3508,3466 Main St,Phoenix,AZ,USA
438,Eve Johnson,60,Female,eve.johnson438@example.com,+1-737-720-3247,6962 Main St,Dallas,TX,USA
439,Hank Johnson,36,Male,hank.johnson439@example.com,+1-903-208-9154,3354 Pine St,Houston,TX,USA
440,Charlie Rodriguez,30,Female,charlie.rodriguez440@example.com,+1-820-519-5839,2727 Main St,Dallas,TX,USA
441,Frank Brown,62,Female,frank.brown441@example.com,+1-438-340-1044,308 Main St,Los Angeles,CA,USA
442,Hank Garcia,27,Male,hank.garcia442@example.com,+1-898-623-2229,1759 3rd St,Houston,TX,USA
443,Frank Jones,34,Female,frank.jones443@example.com,+1-151-202-3862,746 3rd St,Philadelphia,PA,USA
444,Diana Davis,65,Male,diana.davis444@example.com,+1-197-971-1751,258 2nd St,Chicago,IL,USA
445,Diana Miller,46,Female,diana.miller445@example.com,+1-999-850-2522,6205 3rd St,Chicago,IL,USA
446,Jane Davis,43,Female,jane.davis446@example.com,+1-378-955-7319,7935 Oak St,Chicago,IL,USA
447,Jane Williams,62,Male,jane.williams447@example.com,+1-964-263-2699,6916 Pine St,San Diego,CA,USA
448,Hank Garcia,29,Female,hank.garcia448@example.com,+1-897-467-1472,2240 Oak St,San Diego,CA,USA
449,Jane Davis,46,Male,jane.davis449@example.com,+1-164-367-6148,302 Pine St,San Jose,CA,USA
450,Hank Brown,60,Female,hank.brown450@example.com,+1-631-635-2560,7191 2nd St,San Diego,CA,USA
451,Diana Davis,27,Male,diana.davis451@example.com,+1-111-758-3571,8383 Oak St,San Diego,CA,USA
452,Alice Johnson,66,Female,alice.johnson452@example.com,+1-428-346-6421,4657 Main St,Dallas,TX,USA
453,Bob Rodriguez,59,Female,bob.rodriguez453@example.com,+1-512-936-4850,1391 Oak St,San Diego,CA,USA
454,Hank Garcia,23,Female,hank.garcia454@example.com,+1-557-423-2944,8248 Main St,Los Angeles,CA,USA
455,Eve Davis,20,Male,eve.davis455@example.com,+1-945-193-5990,8428 Pine St,Houston,TX,USA
456,Frank Miller,41,Male,frank.miller456@example.com,+1-936-328-8445,5539 Pine St,San Jose,CA,USA
457,Hank Garcia,63,Female,hank.garcia457@example.com,+1-833-563-2868,1696 2nd St,New York,NY,USA
458,Diana Miller,58,Female,diana.miller458@example.com,+1-660-634-7125,1841 Main St,Chicago,IL,USA
459,Frank Williams,70,Female,frank.williams459@example.com,+1-209-360-4209,3172 Main St,San Antonio,TX,USA
460,Bob Garcia,70,Male,bob.garcia460@example.com,+1-833-446-2765,6890 Main St,San Jose,CA,USA
461,Jane Garcia,47,Male,jane.garcia461@example.com,+1-610-104-9689,895 Pine St,San Antonio,TX,USA
462,Hank Garcia,50,Male,hank.garcia462@example.com,+1-808-692-3845,2203 Main St,San Antonio,TX,USA
463,Hank Wilson,38,Female,hank.wilson463@example.com,+1-528-723-5067,4582 Oak St,Philadelphia,PA,USA
464,Charlie Garcia,69,Male,charlie.garcia464@example.com,+1-241-522-9393,4997 Pine St,Philadelphia,PA,USA
465,Grace Brown,30,Male,grace.brown465@example.com,+1-739-831-5760,5757 2nd St,Chicago,IL,USA
466,Grace Rodriguez,62,Female,grace.rodriguez466@example.com,+1-827-218-6771,9312 Oak St,San Jose,CA,USA
467,Hank Davis,61,Female,hank.davis467@example.com,+1-998-967-7920,309 Pine St,Los Angeles,CA,USA
468,John Davis,27,Male,john.davis468@example.com,+1-786-157-4275,4474 2nd St,Phoenix,AZ,USA
469,Charlie Williams,21,Female,charlie.williams469@example.com,+1-308-871-9866,629 3rd St,San Diego,CA,USA
470,Jane Wilson,61,Male,jane.wilson470@example.com,+1-860-762-7371,3992 Pine St,Phoenix,AZ,USA
471,John Davis,42,Female,john.davis471@example.com,+1-907-801-6122,9146 Main St,New York,NY,USA
472,Charlie Brown,57,Female,charlie.brown472@example.com,+1-949-330-7025,9740 Pine St,San Jose,CA,USA
473,Bob Brown,36,Female,bob.brown473@example.com,+1-281-799-2220,3163 2nd St,Dallas,TX,USA
474,Jane Davis,20,Female,jane.davis474@example.com,+1-385-669-5329,2231 2nd St,San Jose,CA,USA
475,Charlie Smith,39,Female,charlie.smith475@example.com,+1-826-258-1654,2618 3rd St,San Jose,CA,USA
476,John Wilson,60,Female,john.wilson476@example.com,+1-602-908-6866,1294 3rd St,Dallas,TX,USA
477,Bob Williams,51,Male,bob.williams477@example.com,+1-905-617-3611,6914 Pine St,Dallas,TX,USA
478,Eve Johnson,40,Male,eve.johnson478@example.com,+1-318-779-6437,5524 3rd St,Phoenix,AZ,USA
479,Bob Wilson,51,Female,bob.wilson479@example.com,+1-674-943-1144,1979 3rd St,San Diego,CA,USA
480,Bob Wilson,57,Male,bob.wilson480@example.com,+1-140-798-6258,6348 Main St,San Antonio,TX,USA
481,Charlie Rodriguez,64,Female,charlie.rodriguez481@example.com,+1-125-629-7143,8526 Pine St,San Diego,CA,USA
482,Frank Smith,36,Male,frank.smith482@example.com,+1-428-626-2349,1672 2nd St,Dallas,TX,USA
483,Grace Smith,58,Male,grace.smith483@example.com,+1-315-786-4492,7050 Main St,Houston,TX,USA
484,Grace Davis,59,Male,grace.davis484@example.com,+1-864-802-3519,489 Oak St,Philadelphia,PA,USA
485,John Johnson,22,Male,john.johnson485@example.com,+1-282-913-5127,9243 Main St,San Jose,CA,USA
486,Bob Jones,44,Female,bob.jones486@example.com,+1-561-745-7626,7194 3rd St,New York,NY,USA
487,Eve Johnson,52,Male,eve.johnson487@example.com,+1-756-837-2036,9694 Main St,Los Angeles,CA,USA
488,Diana Rodriguez,24,Female,diana.rodriguez488@example.com,+1-905-802-5937,1517 3rd St,San Diego,CA,USA
489,Eve Davis,70,Male,eve.davis489@example.com,+1-585-260-9740,3702 2nd St,San Antonio,TX,USA
490,Grace Jones,58,Male,grace.jones490@example.com,+1-405-793-7113,282 Pine St,Dallas,TX,USA
491,Alice Johnson,20,Male,alice.johnson491@example.com,+1-686-710-7456,8900 Pine St,Los Angeles,CA,USA
492,Charlie Brown,65,Female,charlie.brown492@example.com,+1-316-522-9397,2433 2nd St,Chicago,IL,USA
493,Bob Wilson,34,Male,bob.wilson493@example.com,+1-217-285-1891,9092 Oak St,Dallas,TX,USA
494,Jane Jones,60,Male,jane.jones494@example.com,+1-356-200-4234,9612 Oak St,Philadelphia,PA,USA
495,Diana Williams,60,Male,diana.williams495@example.com,+1-202-391-2143,3270 3rd St,San Diego,CA,USA
496,Frank Miller,57,Female,frank.miller496@example.com,+1-810-698-3496,9366 Pine St,Philadelphia,PA,USA
497,Diana Davis,28,Male,diana.davis497@example.com,+1-420-352-4629,7245 3rd St,Philadelphia,PA,USA
498,Alice Miller,48,Female,alice.miller498@example.com,+1-556-467-6004,8078 Pine St,Los Angeles,CA,USA
499,Alice Wilson,23,Female,alice.wilson499@example.com,+1-979-946-3293,8924 2nd St,Phoenix,AZ,USA
500,Jane Johnson,19,Male,jane.johnson500@example.com,+1-932-695-7637,9767 2nd St,New York,NY,USA
501,Grace Jones,52,Female,grace.jones501@example.com,+1-769-893-3435,6093 Oak St,Houston,TX,USA
502,Hank Jones,26,Female,hank.jones502@example.com,+1-613-622-2483,6600 3rd St,Dallas,TX,USA
503,John Brown,69,Male,john.brown503@example.com,+1-875-626-3299,7410 2nd St,Chicago,IL,USA
504,Hank Wilson,60,Male,hank.wilson504@example.com,+1-853-849-8921,5978 Main St,Houston,TX,USA
505,Frank Brown,22,Female,frank.brown505@example.com,+1-478-339-1701,3487 Pine St,Philadelphia,PA,USA
506,Eve Garcia,47,Male,eve.garcia506@example.com,+1-140-764-6309,1791 Pine St,Phoenix,AZ,USA
507,Charlie Wilson,52,Male,charlie.wilson507@example.com,+1-485-769-7201,6085 Pine St,Los Angeles,CA,USA
508,Grace Jones,42,Male,grace.jones508@example.com,+1-628-515-6781,5753 Oak St,San Diego,CA,USA
509,Hank Smith,50,Male,hank.smith509@example.com,+1-550-269-4768,1363 Pine St,Phoenix,AZ,USA
510,Bob Williams,29,Male,bob.williams510@example.com,+1-470-716-2938,3873 Oak St,Philadelphia,PA,USA
511,Jane Garcia,61,Female,jane.garcia511@example.com,+1-590-315-3641,6832 Main St,Houston,TX,USA
512,John Williams,54,Male,john.williams512@example.com,+1-237-744-9399,742 Pine St,Chicago,IL,USA
513,John Williams,34,Male,john.williams513@example.com,+1-629-515-1305,4744 Main St,Houston,TX,USA
514,Frank Wilson,48,Female,frank.wilson514@example.com,+1-274-324-7730,9944 2nd St,San Jose,CA,USA
515,Alice Wilson,60,Female,alice.wilson515@example.com,+1-271-841-6614,7529 Pine St,San Jose,CA,USA
516,Jane Brown,42,Female,jane.brown516@example.com,+1-235-211-1271,3415 Pine St,Dallas,TX,USA
517,Eve Williams,56,Male,eve.williams517@example.com,+1-281-587-1639,8806 Pine St,Los Angeles,CA,USA
518,Jane Garcia,60,Male,jane.garcia518@example.com,+1-717-652-1019,7169 Pine St,San Antonio,TX,USA
519,Diana Smith,62,Female,diana.smith519@example.com,+1-334-921-8899,6346 3rd St,San Jose,CA,USA
520,Hank Johnson,45,Male,hank.johnson520@example.com,+1-360-588-4809,1473 3rd St,San Jose,CA,USA
521,Grace Davis,34,Male,grace.davis521@example.com,+1-105-826-1116,9569 Pine St,Los Angeles,CA,USA
522,Grace Smith,42,Male,grace.smith522@example.com,+1-804-923-6175,6798 3rd St,Los Angeles,CA,USA
523,Alice Davis,59,Female,alice.davis523@example.com,+1-367-975-9783,7039 Pine St,Philadelphia,PA,USA
524,Hank Jones,61,Female,hank.jones524@example.com,+1-873-308-7770,9145 Pine St,San Diego,CA,USA
525,Alice Miller,53,Female,alice.miller525@example.com,+1-359-414-6641,6622 2nd St,Los Angeles,CA,USA
526,Bob Garcia,68,Male,bob.garcia526@example.com,+1-202-319-9328,6662 3rd St,Dallas,TX,USA
527,Hank Smith,28,Female,hank.smith527@example.com,+1-751-105-2492,2481 Oak St,San Jose,CA,USA
528,Eve Johnson,22,Female,eve.johnson528@example.com,+1-327-479-2311,718 Oak St,San Antonio,TX,USA
529,Hank Rodriguez,36,Male,hank.rodriguez529@example.com,+1-892-939-3871,8199 Oak St,New York,NY,USA
530,Bob Rodriguez,36,Male,bob.rodriguez530@example.com,+1-134-902-9364,8551 2nd St,San Jose,CA,USA
531,Alice Smith,41,Male,alice.smith531@example.com,+1-770-100-3579,1522 3rd St,San Antonio,TX,USA
532,Diana Davis,43,Male,diana.davis532@example.com,+1-630-115-2124,1577 Pine St,Phoenix,AZ,USA
533,Grace Wilson,40,Female,grace.wilson533@example.com,+1-935-383-4707,3287 Oak St,San Antonio,TX,USA
534,Hank Smith,34,Male,hank.smith534@example.com,+1-516-618-2744,9252 Main St,Dallas,TX,USA
535,Charlie Miller,25,Female,charlie.miller535@example.com,+1-997-650-5098,7354 Oak St,San Jose,CA,USA
536,Frank Brown,66,Female,frank.brown536@example.com,+1-894-569-8548,9714 Main St,San Diego,CA,USA
537,Jane Jones,22,Female,jane.jones537@example.com,+1-748-907-4610,3867 3rd St,San Antonio,TX,USA
538,Diana Rodriguez,52,Male,diana.rodriguez538@example.com,+1-817-952-5314,4167 3rd St,Los Angeles,CA,USA
539,Eve Miller,22,Male,eve.miller539@example.com,+1-587-421-6792,3680 Pine St,Phoenix,AZ,USA
540,Alice Brown,49,Male,alice.brown540@example.com,+1-340-853-4965,4448 2nd St,Houston,TX,USA
541,Bob Brown,57,Female,bob.brown541@example.com,+1-259-897-2747,2064 Main St,San Diego,CA,USA
542,Hank Smith,66,Male,hank.smith542@example.com,+1-968-593-7081,5267 Oak St,San Jose,CA,USA
543,Charlie Garcia,29,Female,charlie.garcia543@example.com,+1-507-327-3101,987 Pine St,San Antonio,TX,USA
544,Frank Rodriguez,20,Female,frank.rodriguez544@example.com,+1-503-981-3863,7590 Main St,Dallas,TX,USA
545,Frank Miller,62,Male,frank.miller545@example.com,+1-112-790-4452,6316 Pine St,Los Angeles,CA,USA
546,Diana Miller,57,Female,diana.miller546@example.com,+1-291-661-5306,3985 3rd St,San Diego,CA,USA
547,Hank Miller,41,Male,hank.miller547@example.com,+1-610-534-4449,6966 3rd St,Philadelphia,PA,USA
548,Eve Jones,46,Male,eve.jones548@example.com,+1-685-234-4744,1736 3rd St,Houston,TX,USA
549,Grace Davis,42,Male,grace.davis549@example.com,+1-249-919-3450,7849 Main St,Chicago,IL,USA
550,Eve Garcia,26,Female,eve.garcia550@example.com,+1-904-598-5915,4211 Pine St,San Jose,CA,USA
551,John Davis,24,Male,john.davis551@example.com,+1-161-320-5166,7907 Main St,San Diego,CA,USA
552,Diana Jones,41,Female,diana.jones552@example.com,+1-673-670-5222,5738 Main St,San Antonio,TX,USA
553,Jane Miller,61,Male,jane.miller553@example.com,+1-690-689-9821,2959 3rd St,Philadelphia,PA,USA
554,Diana Rodriguez,49,Female,diana.rodriguez554@example.com,+1-180-490-5694,7698 2nd St,Chicago,IL,USA
555,Diana Davis,58,Female,diana.davis555@example.com,+1-969-173-2296,2754 3rd St,Houston,TX,USA
556,Diana Miller,59,Female,diana.miller556@example.com,+1-827-373-7479,4544 Oak St,Philadelphia,PA,USA
557,Hank Rodriguez,46,Female,hank.rodriguez557@example.com,+1-271-288-1378,2148 2nd St,Phoenix,AZ,USA
558,Jane Brown,28,Female,jane.brown558@example.com,+1-205-197-2045,7852 Pine St,New York,NY,USA
559,John Davis,51,Male,john.davis559@example.com,+1-206-368-3544,1481 Oak St,Phoenix,AZ,USA
560,Bob Brown,65,Female,bob.brown560@example.com,+1-553-741-3071,2250 Pine St,Chicago,IL,USA
561,John Smith,60,Female,john.smith561@example.com,+1-981-433-8801,7754 Pine St,Phoenix,AZ,USA
562,Grace Garcia,26,Male,grace.garcia562@example.com,+1-705-711-8480,9340 Oak St,Dallas,TX,USA
563,Grace Jones,40,Female,grace.jones563@example.com,+1-652-332-2467,7339 3rd St,Philadelphia,PA,USA
564,Eve Jones,27,Female,eve.jones564@example.com,+1-110-100-9574,2333 3rd St,Phoenix,AZ,USA
565,Frank Rodriguez,18,Female,frank.rodriguez565@example.com,+1-873-588-5908,249 Oak St,Phoenix,AZ,USA
566,Hank Brown,68,Male,hank.brown566@example.com,+1-661-482-4089,6845 Pine St,San Antonio,TX,USA
567,Eve Brown,28,Female,eve.brown567@example.com,+1-948-487-4614,4408 Main St,San Antonio,TX,USA
568,Bob Rodriguez,66,Female,bob.rodriguez568@example.com,+1-391-764-9715,4504 Oak St,Houston,TX,USA
569,Jane Williams,26,Female,jane.williams569@example.com,+1-213-752-8460,7518 3rd St,San Jose,CA,USA
570,Frank Brown,38,Male,frank.brown570@example.com,+1-255-150-9764,462 2nd St,Los Angeles,CA,USA
571,Charlie Jones,26,Female,charlie.jones571@example.com,+1-844-108-4814,1577 2nd St,New York,NY,USA
572,Frank Brown,39,Female,frank.brown572@example.com,+1-419-904-9165,6184 Oak St,New York,NY,USA
573,Diana Johnson,66,Male,diana.johnson573@example.com,+1-157-372-7429,1269 Pine St,San Diego,CA,USA
574,Alice Brown,34,Female,alice.brown574@example.com,+1-948-112-2998,4178 Oak St,San Diego,CA,USA
575,Bob Smith,30,Female,bob.smith575@example.com,+1-852-889-2539,8638 2nd St,San Diego,CA,USA
576,Eve Jones,38,Male,eve.jones576@example.com,+1-744-845-1691,9104 Pine St,Los Angeles,CA,USA
577,Charlie Garcia,58,Female,charlie.garcia577@example.com,+1-303-469-1853,3668 Main St,Houston,TX,USA
578,Eve Miller,18,Male,eve.miller578@example.com,+1-913-382-2960,6584 2nd St,New York,NY,USA
579,John Wilson,68,Female,john.wilson579@example.com,+1-804-710-3539,6184 Main St,Houston,TX,USA
580,Alice Garcia,23,Female,alice.garcia580@example.com,+1-877-740-1983,1079 3rd St,Chicago,IL,USA
581,Grace Johnson,26,Female,grace.johnson581@example.com,+1-338-424-6690,7287 2nd St,New York,NY,USA
582,Eve Miller,64,Male,eve.miller582@example.com,+1-356-140-8951,7268 Pine St,Phoenix,AZ,USA
583,Grace Garcia,30,Male,grace.garcia583@example.com,+1-656-456-6303,7774 3rd St,San Jose,CA,USA
584,Grace Williams,22,Male,grace.williams584@example.com,+1-560-402-5314,8973 3rd St,San Diego,CA,USA
585,John Rodriguez,42,Male,john.rodriguez585@example.com,+1-119-734-6965,4012 3rd St,Los Angeles,CA,USA
586,Grace Davis,30,Female,grace.davis586@example.com,+1-884-664-3525,4738 3rd St,San Antonio,TX,USA
587,Diana Johnson,24,Male,diana.johnson587@example.com,+1-144-955-3126,3026 Main St,Houston,TX,USA
588,Jane Garcia,30,Male,jane.garcia588@example.com,+1-132-684-7366,8126 Pine St,San Jose,CA,USA
589,Hank Jones,21,Female,hank.jones589@example.com,+1-326-720-2161,314 2nd St,San Diego,CA,USA
590,Jane Garcia,69,Male,jane.garcia590@example.com,+1-469-671-7814,6146 Main St,San Jose,CA,USA
591,Charlie Rodriguez,20,Male,charlie.rodriguez591@example.com,+1-954-411-2276,3637 Pine St,Los Angeles,CA,USA
592,Jane Brown,52,Female,jane.brown592@example.com,+1-294-297-9621,4175 Pine St,Chicago,IL,USA
593,Grace Rodriguez,44,Male,grace.rodriguez593@example.com,+1-884-753-6864,7615 Oak St,Los Angeles,CA,USA
594,Alice Williams,53,Female,alice.williams594@example.com,+1-616-445-3591,8847 Pine St,San Diego,CA,USA
595,Diana Miller,53,Female,diana.miller595@example.com,+1-965-480-7755,7154 3rd St,San Jose,CA,USA
596,Bob Wilson,52,Male,bob.wilson596@example.com,+1-484-884-5162,5998 Oak St,San Diego,CA,USA
597,Eve Smith,64,Male,eve.smith597@example.com,+1-391-710-1267,8580 2nd St,Phoenix,AZ,USA
598,John Jones,32,Male,john.jones598@example.com,+1-976-422-1355,4621 Pine St,Dallas,TX,USA
599,Grace Wilson,54,Male,grace.wilson599@example.com,+1-196-138-8542,5927 2nd St,Chicago,IL,USA
600,Charlie Miller,55,Male,charlie.miller600@example.com,+1-338-362-5920,1605 Pine St,San Antonio,TX,USA
601,Hank Brown,64,Male,hank.brown601@example.com,+1-840-432-8905,2932 Oak St,San Jose,CA,USA
602,Jane Wilson,59,Female,jane.wilson602@example.com,+1-138-848-7251,1385 Main St,Philadelphia,PA,USA
603,Diana Davis,44,Male,diana.davis603@example.com,+1-990-888-4714,9968 Main St,San Antonio,TX,USA
604,John Jones,51,Male,john.jones604@example.com,+1-426-652-3450,5454 Pine St,Houston,TX,USA
605,Alice Smith,61,Female,alice.smith605@example.com,+1-556-870-9269,1575 2nd St,San Antonio,TX,USA
606,Charlie Davis,27,Male,charlie.davis606@example.com,+1-444-184-8796,9462 Main St,Dallas,TX,USA
607,Eve Jones,23,Female,eve.jones607@example.com,+1-613-544-3136,2309 Oak St,Dallas,TX,USA
608,Bob Garcia,43,Male,bob.garcia608@example.com,+1-674-730-9589,4134 2nd St,Los Angeles,CA,USA
609,Charlie Davis,38,Male,charlie.davis609@example.com,+1-215-787-7776,7039 3rd St,Philadelphia,PA,USA
610,Bob Miller,40,Male,bob.miller610@example.com,+1-888-412-3773,5829 Pine St,San Diego,CA,USA
611,Hank Williams,46,Male,hank.williams611@example.com,+1-937-339-4271,6224 2nd St,Los Angeles,CA,USA
612,Jane Smith,33,Male,jane.smith612@example.com,+1-989-952-5713,325 3rd St,Los Angeles,CA,USA
613,Charlie Garcia,48,Male,charlie.garcia613@example.com,+1-439-314-9814,3571 2nd St,Dallas,TX,USA
614,Grace Jones,53,Female,grace.jones614@example.com,+1-737-847-3315,401 Oak St,San Jose,CA,USA
615,Grace Smith,34,Male,grace.smith615@example.com,+1-161-390-4288,4544 Main St,San Diego,CA,USA
616,John Johnson,42,Female,john.johnson616@example.com,+1-778-972-6901,1867 Main St,Phoenix,AZ,USA
617,Eve Brown,42,Male,eve.brown617@example.com,+1-423-596-9709,1542 2nd St,Houston,TX,USA
618,Grace Garcia,53,Male,grace.garcia618@example.com,+1-140-353-9673,5095 3rd St,San Diego,CA,USA
619,Eve Williams,19,Female,eve.williams619@example.com,+1-800-460-6822,5053 2nd St,Dallas,TX,USA
620,Charlie Smith,58,Female,charlie.smith620@example.com,+1-999-496-1482,9192 3rd St,Houston,TX,USA
621,Alice Miller,43,Male,alice.miller621@example.com,+1-189-847-7262,8631 Pine St,Houston,TX,USA
622,Eve Brown,54,Male,eve.brown622@example.com,+1-536-419-6395,7459 Pine St,Chicago,IL,USA
623,Bob Williams,55,Male,bob.williams623@example.com,+1-983-241-6062,8682 2nd St,San Antonio,TX,USA
624,Alice Wilson,28,Female,alice.wilson624@example.com,+1-169-670-9732,2039 2nd St,Philadelphia,PA,USA
625,Alice Smith,66,Female,alice.smith625@example.com,+1-523-521-5970,7358 3rd St,Chicago,IL,USA
626,Bob Johnson,26,Male,bob.johnson626@example.com,+1-126-880-5372,9390 Pine St,Houston,TX,USA
627,Hank Brown,32,Male,hank.brown627@example.com,+1-467-181-8808,2296 Pine St,San Jose,CA,USA
628,Frank Miller,29,Female,frank.miller628@example.com,+1-603-585-3253,2783 2nd St,Houston,TX,USA
629,John Davis,66,Male,john.davis629@example.com,+1-376-522-4646,3423 2nd St,Los Angeles,CA,USA
630,Alice Garcia,57,Female,alice.garcia630@example.com,+1-804-432-8496,4143 Oak St,San Antonio,TX,USA
631,John Wilson,65,Female,john.wilson631@example.com,+1-837-420-7457,9470 Pine St,Dallas,TX,USA
632,Grace Smith,51,Male,grace.smith632@example.com,+1-562-567-1694,4125 Pine St,Dallas,TX,USA
633,Eve Smith,53,Female,eve.smith633@example.com,+1-628-883-1807,3210 3rd St,San Diego,CA,USA
634,Eve Jones,67,Female,eve.jones634@example.com,+1-572-270-7921,4923 Pine St,New York,NY,USA
635,Grace Williams,47,Female,grace.williams635@example.com,+1-192-839-9202,1954 2nd St,San Jose,CA,USA
636,Grace Williams,43,Female,grace.williams636@example.com,+1-431-561-1408,3030 Oak St,San Jose,CA,USA
637,Bob Garcia,23,Female,bob.garcia637@example.com,+1-431-808-3686,2124 Main St,Los Angeles,CA,USA
638,Frank Miller,23,Female,frank.miller638@example.com,+1-844-910-9383,2719 Oak St,Dallas,TX,USA
639,Eve Smith,67,Male,eve.smith639@example.com,+1-443-679-3459,2756 2nd St,Chicago,IL,USA
640,John Davis,37,Female,john.davis640@example.com,+1-847-887-8311,4831 2nd St,Los Angeles,CA,USA
641,Alice Brown,18,Female,alice.brown641@example.com,+1-112-569-9153,8269 Pine St,New York,NY,USA
642,Hank Garcia,33,Male,hank.garcia642@example.com,+1-702-775-8794,7534 Oak St,San Diego,CA,USA
643,Jane Wilson,56,Male,jane.wilson643@example.com,+1-350-660-5556,9234 2nd St,New York,NY,USA
644,Alice Williams,21,Female,alice.williams644@example.com,+1-137-248-1531,9571 Pine St,Phoenix,AZ,USA
645,Diana Johnson,21,Male,diana.johnson645@example.com,+1-526-282-3643,4759 Pine St,San Jose,CA,USA
646,Hank Rodriguez,29,Female,hank.rodriguez646@example.com,+1-867-692-6901,687 Main St,Phoenix,AZ,USA
647,Diana Miller,42,Male,diana.miller647@example.com,+1-876-537-2063,4897 Oak St,Chicago,IL,USA
648,Jane Jones,39,Female,jane.jones648@example.com,+1-637-314-4425,1053 Main St,San Jose,CA,USA
649,Grace Johnson,48,Female,grace.johnson649@example.com,+1-537-723-6185,4354 Pine St,San Jose,CA,USA
650,Hank Miller,26,Female,hank.miller650@example.com,+1-632-846-9154,8169 2nd St,San Jose,CA,USA
651,Bob Jones,30,Male,bob.jones651@example.com,+1-221-124-8616,2032 2nd St,San Jose,CA,USA
652,Eve Davis,20,Female,eve.davis652@example.com,+1-458-673-4478,285 2nd St,Phoenix,AZ,USA
653,Charlie Johnson,37,Female,charlie.johnson653@example.com,+1-618-663-6307,200 Main St,Philadelphia,PA,USA
654,Diana Davis,64,Male,diana.davis654@example.com,+1-952-279-4178,5515 3rd St,San Diego,CA,USA
655,Frank Smith,59,Male,frank.smith655@example.com,+1-593-259-8546,8897 3rd St,San Diego,CA,USA
656,Eve Smith,51,Female,eve.smith656@example.com,+1-678-842-6169,9196 Pine St,New York,NY,USA
657,Bob Wilson,61,Female,bob.wilson657@example.com,+1-918-914-6793,1184 2nd St,Phoenix,AZ,USA
658,John Miller,42,Male,john.miller658@example.com,+1-684-720-7382,3170 Pine St,Los Angeles,CA,USA
659,Charlie Miller,63,Male,charlie.miller659@example.com,+1-378-523-2422,8243 2nd St,Philadelphia,PA,USA
660,Frank Jones,31,Female,frank.jones660@example.com,+1-279-214-7131,712 2nd St,Los Angeles,CA,USA
661,Frank Rodriguez,19,Female,frank.rodriguez661@example.com,+1-612-257-4116,5672 Oak St,Dallas,TX,USA
662,Charlie Miller,27,Male,charlie.miller662@example.com,+1-941-628-3174,3461 Main St,San Diego,CA,USA
663,Eve Rodriguez,25,Male,eve.rodriguez663@example.com,+1-418-145-2426,5560 Oak St,New York,NY,USA
664,Jane Rodriguez,67,Female,jane.rodriguez664@example.com,+1-123-691-6114,3538 3rd St,Houston,TX,USA
665,Bob Jones,35,Female,bob.jones665@example.com,+1-891-551-2927,4567 2nd St,Chicago,IL,USA
666,Charlie Johnson,18,Male,charlie.johnson666@example.com,+1-311-655-6739,9100 3rd St,Phoenix,AZ,USA
667,Alice Jones,54,Male,alice.jones667@example.com,+1-275-172-6101,5649 Pine St,San Diego,CA,USA
668,John Williams,19,Female,john.williams668@example.com,+1-791-151-2735,6384 Main St,Los Angeles,CA,USA
669,Eve Davis,29,Female,eve.davis669@example.com,+1-731-464-6119,5544 2nd St,Dallas,TX,USA
670,Jane Garcia,54,Male,jane.garcia670@example.com,+1-195-932-8672,1693 Oak St,Phoenix,AZ,USA
671,Frank Garcia,32,Male,frank.garcia671@example.com,+1-247-981-5227,6054 Oak St,Chicago,IL,USA
672,Diana Miller,47,Female,diana.miller672@example.com,+1-130-166-8787,1949 3rd St,San Diego,CA,USA
673,Frank Williams,36,Female,frank.williams673@example.com,+1-718-688-3087,8422 Main St,San Antonio,TX,USA
674,Jane Miller,53,Male,jane.miller674@example.com,+1-911-409-9728,7652 Oak St,San Jose,CA,USA
675,Eve Brown,57,Male,eve.brown675@example.com,+1-661-262-8903,6388 Main St,Philadelphia,PA,USA
676,Bob Wilson,45,Female,bob.wilson676@example.com,+1-680-906-6606,9021 2nd St,Chicago,IL,USA
677,Jane Wilson,49,Male,jane.wilson677@example.com,+1-706-710-8584,5430 Pine St,Los Angeles,CA,USA
678,Frank Williams,37,Female,frank.williams678@example.com,+1-171-712-2781,9871 Oak St,Philadelphia,PA,USA
679,Frank Smith,23,Male,frank.smith679@example.com,+1-936-242-1003,2503 2nd St,San Diego,CA,USA
680,Grace Jones,42,Female,grace.jones680@example.com,+1-300-310-6187,5010 Pine St,Phoenix,AZ,USA
681,Eve Miller,23,Male,eve.miller681@example.com,+1-726-622-7622,2189 3rd St,New York,NY,USA
682,Diana Rodriguez,21,Male,diana.rodriguez682@example.com,+1-820-673-6885,1897 3rd St,New York,NY,USA
683,Bob Davis,62,Female,bob.davis683@example.com,+1-740-425-7271,6752 Oak St,San Antonio,TX,USA
684,Grace Brown,60,Male,grace.brown684@example.com,+1-586-242-4083,9200 Oak St,Philadelphia,PA,USA
685,Eve Williams,36,Male,eve.williams685@example.com,+1-237-111-2175,357 2nd St,San Diego,CA,USA
686,Eve Williams,23,Male,eve.williams686@example.com,+1-757-925-7813,7571 Pine St,San Antonio,TX,USA
687,Hank Williams,47,Female,hank.williams687@example.com,+1-665-939-8373,6403 3rd St,Houston,TX,USA
688,Alice Davis,56,Male,alice.davis688@example.com,+1-691-610-4878,8320 3rd St,San Antonio,TX,USA
689,Grace Wilson,41,Male,grace.wilson689@example.com,+1-138-681-8917,6138 Main St,San Jose,CA,USA
690,Frank Johnson,27,Female,frank.johnson690@example.com,+1-576-629-2281,8674 Pine St,Los Angeles,CA,USA
691,Bob Garcia,58,Male,bob.garcia691@example.com,+1-800-748-9834,9596 3rd St,San Jose,CA,USA
692,John Miller,52,Male,john.miller692@example.com,+1-580-564-9399,7787 Pine St,Philadelphia,PA,USA
693,Eve Miller,69,Female,eve.miller693@example.com,+1-396-271-1578,9891 3rd St,San Jose,CA,USA
694,Charlie Smith,58,Female,charlie.smith694@example.com,+1-692-273-1845,4880 Pine St,New York,NY,USA
695,Charlie Garcia,23,Male,charlie.garcia695@example.com,+1-617-178-5552,4229 2nd St,San Jose,CA,USA
696,Charlie Jones,34,Male,charlie.jones696@example.com,+1-859-214-3860,9795 2nd St,San Diego,CA,USA
697,Diana Williams,34,Male,diana.williams697@example.com,+1-596-285-9640,642 3rd St,Los Angeles,CA,USA
698,Alice Wilson,70,Male,alice.wilson698@example.com,+1-957-607-7765,6377 2nd St,San Diego,CA,USA
699,Alice Brown,54,Female,alice.brown699@example.com,+1-155-757-5331,2000 Main St,Chicago,IL,USA
700,Frank Davis,48,Female,frank.davis700@example.com,+1-587-864-9724,3928 Oak St,San Antonio,TX,USA
701,Frank Jones,27,Female,frank.jones701@example.com,+1-112-395-8353,6358 3rd St,Dallas,TX,USA
702,John Johnson,52,Female,john.johnson702@example.com,+1-964-542-5466,5588 3rd St,Phoenix,AZ,USA
703,Jane Jones,59,Female,jane.jones703@example.com,+1-572-891-4961,9745 2nd St,Dallas,TX,USA
704,Diana Williams,38,Male,diana.williams704@example.com,+1-788-108-2113,295 Oak St,Los Angeles,CA,USA
705,Grace Johnson,61,Female,grace.johnson705@example.com,+1-459-324-5641,4227 2nd St,New York,NY,USA
706,John Wilson,23,Male,john.wilson706@example.com,+1-708-772-4552,9920 Main St,Los Angeles,CA,USA
707,Jane Wilson,26,Female,jane.wilson707@example.com,+1-772-882-4027,1916 2nd St,Phoenix,AZ,USA
708,Charlie Garcia,60,Male,charlie.garcia708@example.com,+1-754-564-5528,7095 3rd St,Phoenix,AZ,USA
709,Alice Johnson,35,Male,alice.johnson709@example.com,+1-491-497-6450,1084 3rd St,Phoenix,AZ,USA
710,Alice Garcia,22,Female,alice.garcia710@example.com,+1-305-724-7432,3023 Oak St,Los Angeles,CA,USA
711,Alice Rodriguez,67,Female,alice.rodriguez711@example.com,+1-323-728-2740,7334 3rd St,Los Angeles,CA,USA
712,John Johnson,22,Female,john.johnson712@example.com,+1-895-556-1307,8254 2nd St,New York,NY,USA
713,John Davis,35,Male,john.davis713@example.com,+1-816-437-7411,9514 Main St,Dallas,TX,USA
714,Frank Garcia,45,Female,frank.garcia714@example.com,+1-964-845-2148,8949 2nd St,New York,NY,USA
715,Eve Garcia,25,Female,eve.garcia715@example.com,+1-441-798-5961,6663 Main St,Los Angeles,CA,USA
716,Diana Rodriguez,39,Male,diana.rodriguez716@example.com,+1-961-570-5750,3427 2nd St,Dallas,TX,USA
717,John Davis,60,Male,john.davis717@example.com,+1-406-812-7391,1849 3rd St,San Diego,CA,USA
718,Jane Garcia,65,Male,jane.garcia718@example.com,+1-243-136-4163,515 Pine St,Houston,TX,USA
719,Frank Davis,22,Female,frank.davis719@example.com,+1-611-646-8361,368 Main St,Philadelphia,PA,USA
720,John Miller,68,Male,john.miller720@example.com,+1-515-221-4468,8670 Oak St,Dallas,TX,USA
721,Alice Wilson,32,Male,alice.wilson721@example.com,+1-137-853-3319,8110 Main St,San Diego,CA,USA
722,Hank Smith,33,Male,hank.smith722@example.com,+1-114-276-1818,5135 Main St,San Diego,CA,USA
723,Hank Williams,55,Male,hank.williams723@example.com,+1-937-937-2742,1970 Oak St,San Jose,CA,USA
724,Hank Brown,22,Male,hank.brown724@example.com,+1-536-445-7586,5412 Main St,San Jose,CA,USA
725,Grace Williams,38,Male,grace.williams725@example.com,+1-882-146-3841,5596 Main St,Los Angeles,CA,USA
726,Charlie Williams,66,Female,charlie.williams726@example.com,+1-272-813-7060,9167 2nd St,San Diego,CA,USA
727,Bob Wilson,20,Male,bob.wilson727@example.com,+1-202-910-7162,2684 Main St,San Diego,CA,USA
728,Jane Smith,18,Male,jane.smith728@example.com,+1-191-823-5648,6919 Oak St,Chicago,IL,USA
729,Bob Williams,58,Female,bob.williams729@example.com,+1-635-561-7750,4019 2nd St,San Jose,CA,USA
730,John Wilson,29,Female,john.wilson730@example.com,+1-726-190-5934,5799 Oak St,New York,NY,USA
731,Grace Brown,30,Male,grace.brown731@example.com,+1-642-197-6929,8942 Pine St,Houston,TX,USA
732,Frank Brown,35,Male,frank.brown732@example.com,+1-298-215-3444,7872 Oak St,Chicago,IL,USA
733,Alice Smith,21,Female,alice.smith733@example.com,+1-391-314-8121,4218 3rd St,San Jose,CA,USA
734,Frank Smith,24,Male,frank.smith734@example.com,+1-650-280-3589,576 Oak St,Dallas,TX,USA
735,Jane Johnson,33,Female,jane.johnson735@example.com,+1-706-693-6340,6965 2nd St,Philadelphia,PA,USA
736,Bob Johnson,38,Male,bob.johnson736@example.com,+1-200-342-7759,3376 Oak St,Houston,TX,USA
737,Jane Garcia,55,Female,jane.garcia737@example.com,+1-155-546-3374,3641 Pine St,San Diego,CA,USA
738,Alice Davis,41,Male,alice.davis738@example.com,+1-568-837-4181,5975 3rd St,Houston,TX,USA
739,Diana Williams,20,Male,diana.williams739@example.com,+1-387-239-2820,7727 Oak St,San Antonio,TX,USA
740,Alice Miller,32,Female,alice.miller740@example.com,+1-718-260-3784,9571 Pine St,Houston,TX,USA
741,Jane Davis,51,Female,jane.davis741@example.com,+1-982-321-8757,7681 3rd St,New York,NY,USA
742,Eve Brown,33,Female,eve.brown742@example.com,+1-544-693-4643,9795 2nd St,San Jose,CA,USA
743,John Davis,20,Male,john.davis743@example.com,+1-581-851-9261,650 Oak St,Dallas,TX,USA
744,Eve Garcia,69,Male,eve.garcia744@example.com,+1-563-607-4940,1461 Pine St,New York,NY,USA
745,Eve Brown,26,Female,eve.brown745@example.com,+1-402-344-2486,360 Oak St,Phoenix,AZ,USA
746,Alice Garcia,54,Male,alice.garcia746@example.com,+1-565-574-3271,6741 2nd St,Philadelphia,PA,USA
747,Frank Smith,58,Male,frank.smith747@example.com,+1-494-807-6454,8798 Main St,Phoenix,AZ,USA
748,Eve Jones,62,Male,eve.jones748@example.com,+1-906-801-2326,5600 Main St,Dallas,TX,USA
749,Diana Smith,25,Female,diana.smith749@example.com,+1-474-576-1669,6089 3rd St,Chicago,IL,USA
750,Grace Johnson,53,Male,grace.johnson750@example.com,+1-241-442-4909,8941 Main St,San Diego,CA,USA
751,Hank Brown,66,Male,hank.brown751@example.com,+1-428-461-5380,8350 Oak St,Phoenix,AZ,USA
752,John Johnson,41,Female,john.johnson752@example.com,+1-563-597-9215,8729 Main St,San Diego,CA,USA
753,Grace Rodriguez,36,Female,grace.rodriguez753@example.com,+1-735-476-2075,3185 Oak St,Los Angeles,CA,USA
754,Jane Davis,29,Female,jane.davis754@example.com,+1-178-211-3699,4621 Main St,Chicago,IL,USA
755,Frank Williams,31,Male,frank.williams755@example.com,+1-400-526-9870,2263 Oak St,Philadelphia,PA,USA
756,Eve Garcia,65,Male,eve.garcia756@example.com,+1-398-293-2031,461 2nd St,Dallas,TX,USA
757,Diana Davis,55,Female,diana.davis757@example.com,+1-771-761-6346,8065 Pine St,Dallas,TX,USA
758,Grace Garcia,47,Female,grace.garcia758@example.com,+1-680-235-6021,2913 3rd St,Houston,TX,USA
759,Frank Miller,36,Male,frank.miller759@example.com,+1-251-461-5659,7569 2nd St,San Jose,CA,USA
760,Alice Rodriguez,36,Male,alice.rodriguez760@example.com,+1-279-959-3514,2741 2nd St,Los Angeles,CA,USA
761,John Miller,54,Male,john.miller761@example.com,+1-551-366-7056,3122 2nd St,Dallas,TX,USA
762,John Miller,40,Male,john.miller762@example.com,+1-481-559-9845,2763 Pine St,Phoenix,AZ,USA
763,Jane Smith,43,Female,jane.smith763@example.com,+1-886-248-8504,5346 2nd St,New York,NY,USA
764,Grace Rodriguez,39,Female,grace.rodriguez764@example.com,+1-585-396-3409,9360 Oak St,Philadelphia,PA,USA
765,Jane Garcia,20,Male,jane.garcia765@example.com,+1-794-664-2914,5147 Main St,San Antonio,TX,USA
766,Hank Brown,46,Female,hank.brown766@example.com,+1-194-434-1901,3297 Pine St,Dallas,TX,USA
767,Bob Jones,30,Male,bob.jones767@example.com,+1-185-651-8298,1531 Pine St,San Antonio,TX,USA
768,Bob Garcia,38,Male,bob.garcia768@example.com,+1-782-469-7513,2523 Oak St,Philadelphia,PA,USA
769,Eve Miller,18,Female,eve.miller769@example.com,+1-453-459-6047,7400 Pine St,Los Angeles,CA,USA
770,Bob Garcia,65,Female,bob.garcia770@example.com,+1-922-553-5728,2783 Oak St,San Antonio,TX,USA
771,Alice Wilson,56,Male,alice.wilson771@example.com,+1-247-312-5968,7876 Pine St,Philadelphia,PA,USA
772,Jane Wilson,66,Female,jane.wilson772@example.com,+1-190-106-7708,4578 Oak St,Chicago,IL,USA
773,Grace Garcia,63,Male,grace.garcia773@example.com,+1-304-290-7254,4842 Pine St,San Diego,CA,USA
774,John Jones,55,Female,john.jones774@example.com,+1-605-672-8593,3778 Main St,New York,NY,USA
775,Alice Jones,37,Female,alice.jones775@example.com,+1-227-769-5713,6934 2nd St,San Diego,CA,USA
776,Bob Smith,25,Female,bob.smith776@example.com,+1-604-168-6927,9620 Oak St,San Jose,CA,USA
777,Eve Jones,58,Female,eve.jones777@example.com,+1-810-937-2959,6214 Pine St,San Jose,CA,USA
778,John Jones,28,Male,john.jones778@example.com,+1-249-427-8553,2319 3rd St,Chicago,IL,USA
779,John Jones,41,Female,john.jones779@example.com,+1-751-464-1798,4849 3rd St,Dallas,TX,USA
780,Jane Rodriguez,30,Male,jane.rodriguez780@example.com,+1-883-196-3738,9008 3rd St,Philadelphia,PA,USA
781,Charlie Jones,61,Female,charlie.jones781@example.com,+1-198-647-6761,2454 Main St,Chicago,IL,USA
782,Grace Jones,41,Female,grace.jones782@example.com,+1-521-448-3671,1778 2nd St,Chicago,IL,USA
783,Grace Brown,30,Male,grace.brown783@example.com,+1-527-571-2251,2009 2nd St,New York,NY,USA
784,Frank Miller,37,Female,frank.miller784@example.com,+1-242-936-8240,9891 Pine St,Philadelphia,PA,USA
785,Alice Jones,19,Male,alice.jones785@example.com,+1-327-231-3332,3812 3rd St,Chicago,IL,USA
786,Bob Williams,23,Female,bob.williams786@example.com,+1-807-881-2830,1373 Main St,San Diego,CA,USA
787,Eve Smith,30,Male,eve.smith787@example.com,+1-133-912-9412,9818 Main St,San Diego,CA,USA
788,Jane Jones,20,Male,jane.jones788@example.com,+1-408-783-1168,1681 Main St,San Jose,CA,USA
789,Bob Wilson,30,Male,bob.wilson789@example.com,+1-786-459-1479,1587 2nd St,Phoenix,AZ,USA
790,Hank Miller,40,Male,hank.miller790@example.com,+1-975-612-4962,8372 Pine St,Los Angeles,CA,USA
791,Jane Wilson,66,Male,jane.wilson791@example.com,+1-641-322-4138,4717 2nd St,Dallas,TX,USA
792,John Johnson,31,Female,john.johnson792@example.com,+1-475-814-4033,7303 Main St,Chicago,IL,USA
793,Diana Davis,45,Male,diana.davis793@example.com,+1-626-333-7677,1948 3rd St,Los Angeles,CA,USA
794,Frank Johnson,51,Male,frank.johnson794@example.com,+1-607-880-6918,4823 Pine St,New York,NY,USA
795,Jane Miller,49,Male,jane.miller795@example.com,+1-494-390-8486,9936 3rd St,San Diego,CA,USA
796,Bob Rodriguez,44,Female,bob.rodriguez796@example.com,+1-975-538-4093,1240 Oak St,Philadelphia,PA,USA
797,Alice Smith,61,Female,alice.smith797@example.com,+1-788-207-7494,7277 Pine St,Los Angeles,CA,USA
798,Jane Williams,43,Female,jane.williams798@example.com,+1-811-704-2666,2864 Main St,Philadelphia,PA,USA
799,Bob Miller,30,Female,bob.miller799@example.com,+1-225-338-7958,8277 3rd St,San Jose,CA,USA
800,Hank Jones,66,Female,hank.jones800@example.com,+1-464-587-7626,8038 Pine St,Phoenix,AZ,USA
801,Alice Garcia,24,Male,alice.garcia801@example.com,+1-356-601-9147,3881 2nd St,New York,NY,USA
802,Jane Smith,22,Female,jane.smith802@example.com,+1-794-127-3934,6369 Pine St,Philadelphia,PA,USA
803,Alice Jones,57,Male,alice.jones803@example.com,+1-878-178-9518,8164 Oak St,Houston,TX,USA
804,Charlie Garcia,49,Female,charlie.garcia804@example.com,+1-655-451-9856,9055 Main St,New York,NY,USA
805,Eve Johnson,42,Female,eve.johnson805@example.com,+1-422-973-7165,7350 Oak St,New York,NY,USA
806,John Williams,53,Female,john.williams806@example.com,+1-823-268-9052,7156 2nd St,Phoenix,AZ,USA
807,Eve Garcia,66,Male,eve.garcia807@example.com,+1-682-791-9037,9173 Pine St,San Jose,CA,USA
808,Frank Garcia,53,Male,frank.garcia808@example.com,+1-618-157-7412,4415 Oak St,San Jose,CA,USA
809,Eve Wilson,61,Female,eve.wilson809@example.com,+1-884-391-6250,1106 Main St,San Jose,CA,USA
810,John Williams,41,Female,john.williams810@example.com,+1-928-859-1440,5691 Oak St,Los Angeles,CA,USA
811,Eve Miller,40,Female,eve.miller811@example.com,+1-459-157-5001,4156 2nd St,Phoenix,AZ,USA
812,Hank Johnson,62,Male,hank.johnson812@example.com,+1-989-412-2875,5631 2nd St,New York,NY,USA
813,Grace Miller,20,Female,grace.miller813@example.com,+1-773-984-7921,9406 Pine St,San Antonio,TX,USA
814,Charlie Smith,62,Female,charlie.smith814@example.com,+1-702-122-6185,6288 Pine St,San Antonio,TX,USA
815,Diana Wilson,24,Female,diana.wilson815@example.com,+1-202-807-4373,5604 Oak St,Dallas,TX,USA
816,Diana Williams,57,Female,diana.williams816@example.com,+1-472-546-4305,8242 Main St,Dallas,TX,USA
817,Bob Jones,34,Male,bob.jones817@example.com,+1-404-687-7586,3800 Pine St,Los Angeles,CA,USA
818,Hank Johnson,55,Female,hank.johnson818@example.com,+1-379-168-9700,7886 Oak St,Houston,TX,USA
819,Diana Johnson,59,Female,diana.johnson819@example.com,+1-616-923-5913,7192 Pine St,Philadelphia,PA,USA
820,Bob Davis,43,Female,bob.davis820@example.com,+1-739-627-8425,9071 2nd St,New York,NY,USA
821,Grace Williams,54,Female,grace.williams821@example.com,+1-318-776-8656,4489 Pine St,San Jose,CA,USA
822,Eve Wilson,64,Male,eve.wilson822@example.com,+1-634-305-6968,7677 2nd St,Houston,TX,USA
823,Alice Jones,45,Female,alice.jones823@example.com,+1-426-980-2055,3435 Oak St,Phoenix,AZ,USA
824,Charlie Williams,34,Male,charlie.williams824@example.com,+1-515-344-2860,2556 2nd St,New York,NY,USA
825,Bob Jones,47,Female,bob.jones825@example.com,+1-673-546-7914,706 2nd St,Chicago,IL,USA
826,Charlie Williams,19,Female,charlie.williams826@example.com,+1-908-922-5551,9122 2nd St,New York,NY,USA
827,Frank Smith,21,Male,frank.smith827@example.com,+1-421-716-5882,1141 Oak St,Philadelphia,PA,USA
828,Jane Davis,64,Male,jane.davis828@example.com,+1-341-214-9196,2076 Pine St,San Jose,CA,USA
829,Grace Jones,49,Male,grace.jones829@example.com,+1-343-714-3003,5234 3rd St,San Jose,CA,USA
830,Eve Brown,45,Male,eve.brown830@example.com,+1-247-209-3869,3607 3rd St,San Diego,CA,USA
831,Eve Jones,55,Male,eve.jones831@example.com,+1-602-646-7139,1950 3rd St,Dallas,TX,USA
832,Eve Garcia,61,Male,eve.garcia832@example.com,+1-384-903-3374,6047 Oak St,Philadelphia,PA,USA
833,Charlie Smith,59,Male,charlie.smith833@example.com,+1-961-857-1895,4026 3rd St,Dallas,TX,USA
834,Eve Jones,58,Female,eve.jones834@example.com,+1-931-801-2999,8863 2nd St,San Diego,CA,USA
835,Eve Smith,43,Female,eve.smith835@example.com,+1-408-192-4857,4972 2nd St,Chicago,IL,USA
836,Frank Miller,69,Female,frank.miller836@example.com,+1-908-134-5489,1412 Oak St,San Diego,CA,USA
837,Eve Miller,63,Female,eve.miller837@example.com,+1-997-939-2644,2727 3rd St,Dallas,TX,USA
838,Jane Miller,44,Female,jane.miller838@example.com,+1-564-811-1448,953 2nd St,San Diego,CA,USA
839,Alice Smith,43,Male,alice.smith839@example.com,+1-743-412-6140,9534 Main St,Los Angeles,CA,USA
840,Alice Brown,51,Male,alice.brown840@example.com,+1-967-708-7722,5333 Oak St,San Diego,CA,USA
841,Alice Jones,29,Female,alice.jones841@example.com,+1-918-388-4254,1482 Oak St,Philadelphia,PA,USA
842,Alice Davis,42,Male,alice.davis842@example.com,+1-121-123-4747,1557 Oak St,Houston,TX,USA
843,Charlie Williams,21,Female,charlie.williams843@example.com,+1-732-539-5262,2545 Main St,Philadelphia,PA,USA
844,Alice Wilson,25,Male,alice.wilson844@example.com,+1-835-638-8129,7533 Oak St,Los Angeles,CA,USA
845,Bob Brown,30,Female,bob.brown845@example.com,+1-394-864-9096,6359 2nd St,San Antonio,TX,USA
846,Bob Wilson,31,Female,bob.wilson846@example.com,+1-844-793-4102,6953 2nd St,San Antonio,TX,USA
847,Alice Smith,36,Female,alice.smith847@example.com,+1-341-732-8388,4168 3rd St,San Jose,CA,USA
848,Frank Johnson,18,Female,frank.johnson848@example.com,+1-236-992-6296,6613 2nd St,San Antonio,TX,USA
849,Eve Wilson,34,Male,eve.wilson849@example.com,+1-197-670-1962,953 3rd St,Houston,TX,USA
850,Frank Miller,56,Male,frank.miller850@example.com,+1-105-359-9266,6341 3rd St,San Antonio,TX,USA
851,Diana Williams,53,Male,diana.williams851@example.com,+1-694-283-5264,2883 Pine St,San Diego,CA,USA
852,Diana Garcia,26,Male,diana.garcia852@example.com,+1-424-827-9690,7193 2nd St,Phoenix,AZ,USA
853,Jane Miller,20,Male,jane.miller853@example.com,+1-611-992-5603,6007 Oak St,Phoenix,AZ,USA
854,Charlie Wilson,66,Female,charlie.wilson854@example.com,+1-629-420-8139,2803 3rd St,San Diego,CA,USA
855,Alice Rodriguez,60,Female,alice.rodriguez855@example.com,+1-154-293-3435,994 2nd St,Chicago,IL,USA
856,John Garcia,34,Male,john.garcia856@example.com,+1-822-578-8150,2000 Oak St,New York,NY,USA
857,Frank Miller,63,Female,frank.miller857@example.com,+1-568-604-2843,2525 Main St,Philadelphia,PA,USA
858,Jane Brown,36,Male,jane.brown858@example.com,+1-954-272-9335,4569 Pine St,San Jose,CA,USA
859,Bob Wilson,18,Male,bob.wilson859@example.com,+1-526-178-5033,8261 Main St,Philadelphia,PA,USA
860,John Jones,61,Male,john.jones860@example.com,+1-503-482-2737,5400 2nd St,New York,NY,USA
861,Jane Garcia,63,Female,jane.garcia861@example.com,+1-564-743-5412,9835 Main St,Philadelphia,PA,USA
862,John Wilson,46,Female,john.wilson862@example.com,+1-849-851-3118,3563 Main St,Phoenix,AZ,USA
863,Diana Smith,65,Male,diana.smith863@example.com,+1-660-716-7248,1616 Oak St,Phoenix,AZ,USA
864,Alice Brown,67,Female,alice.brown864@example.com,+1-191-121-4411,2769 Oak St,San Antonio,TX,USA
865,Charlie Williams,25,Female,charlie.williams865@example.com,+1-602-920-8083,5180 Pine St,Chicago,IL,USA
866,Diana Johnson,41,Male,diana.johnson866@example.com,+1-601-556-7358,7905 3rd St,San Jose,CA,USA
867,Hank Davis,23,Female,hank.davis867@example.com,+1-930-477-4053,7212 Oak St,Los Angeles,CA,USA
868,John Rodriguez,39,Female,john.rodriguez868@example.com,+1-792-329-3540,8215 Pine St,Dallas,TX,USA
869,Jane Jones,47,Female,jane.jones869@example.com,+1-181-920-8825,5021 2nd St,Chicago,IL,USA
870,Charlie Brown,51,Female,charlie.brown870@example.com,+1-402-682-1781,9127 Main St,New York,NY,USA
871,Grace Johnson,50,Female,grace.johnson871@example.com,+1-522-196-8612,9413 3rd St,Philadelphia,PA,USA
872,Charlie Wilson,23,Male,charlie.wilson872@example.com,+1-216-858-8583,3041 2nd St,San Antonio,TX,USA
873,John Johnson,44,Female,john.johnson873@example.com,+1-421-701-8454,7471 Pine St,Phoenix,AZ,USA
874,Diana Williams,31,Male,diana.williams874@example.com,+1-180-864-5248,1842 Oak St,Dallas,TX,USA
875,John Smith,43,Male,john.smith875@example.com,+1-113-275-8817,7639 Oak St,San Jose,CA,USA
876,Frank Jones,57,Female,frank.jones876@example.com,+1-807-789-7471,5058 Main St,Chicago,IL,USA
877,Alice Smith,30,Male,alice.smith877@example.com,+1-935-116-4083,539 2nd St,San Diego,CA,USA
878,Alice Brown,45,Male,alice.brown878@example.com,+1-188-408-8592,2527 Oak St,San Antonio,TX,USA
879,John Johnson,28,Male,john.johnson879@example.com,+1-856-819-8295,8047 Oak St,New York,NY,USA
880,Frank Wilson,33,Male,frank.wilson880@example.com,+1-401-683-7418,934 3rd St,New York,NY,USA
881,Jane Davis,44,Female,jane.davis881@example.com,+1-854-692-5764,706 Oak St,San Antonio,TX,USA
882,Frank Rodriguez,55,Female,frank.rodriguez882@example.com,+1-337-831-1994,8755 Main St,San Antonio,TX,USA
883,Hank Miller,53,Male,hank.miller883@example.com,+1-374-763-7834,7855 Main St,San Diego,CA,USA
884,Hank Miller,46,Female,hank.miller884@example.com,+1-121-265-5718,3249 Oak St,Philadelphia,PA,USA
885,Frank Brown,50,Male,frank.brown885@example.com,+1-701-801-6556,9964 Oak St,Chicago,IL,USA
886,Charlie Davis,44,Female,charlie.davis886@example.com,+1-915-583-3654,3494 3rd St,Los Angeles,CA,USA
887,Frank Williams,29,Male,frank.williams887@example.com,+1-260-720-9063,1753 Oak St,San Diego,CA,USA
888,Charlie Brown,31,Male,charlie.brown888@example.com,+1-118-467-5273,5949 2nd St,Chicago,IL,USA
889,Grace Smith,69,Male,grace.smith889@example.com,+1-445-540-2867,3814 Main St,Dallas,TX,USA
890,Bob Garcia,34,Female,bob.garcia890@example.com,+1-903-463-1764,9226 3rd St,Chicago,IL,USA
891,Grace Wilson,60,Male,grace.wilson891@example.com,+1-823-151-8173,7589 Main St,Los Angeles,CA,USA
892,Hank Wilson,68,Male,hank.wilson892@example.com,+1-943-675-1687,8411 Main St,Chicago,IL,USA
893,Jane Brown,41,Male,jane.brown893@example.com,+1-845-399-8233,8388 Oak St,Los Angeles,CA,USA
894,Alice Miller,39,Male,alice.miller894@example.com,+1-225-968-4307,7294 Oak St,New York,NY,USA
895,Bob Garcia,39,Female,bob.garcia895@example.com,+1-617-275-2396,4458 3rd St,San Antonio,TX,USA
896,Diana Brown,27,Female,diana.brown896@example.com,+1-906-333-3260,7125 Oak St,San Antonio,TX,USA
897,Frank Rodriguez,68,Female,frank.rodriguez897@example.com,+1-130-553-3385,262 Pine St,Los Angeles,CA,USA
898,Jane Miller,38,Female,jane.miller898@example.com,+1-890-268-8111,1107 Oak St,New York,NY,USA
899,Alice Wilson,21,Female,alice.wilson899@example.com,+1-529-511-5986,5239 3rd St,New York,NY,USA
900,Charlie Rodriguez,57,Male,charlie.rodriguez900@example.com,+1-817-513-8310,3460 Pine St,San Jose,CA,USA
901,Hank Garcia,62,Female,hank.garcia901@example.com,+1-931-900-7627,3332 3rd St,Los Angeles,CA,USA
902,John Rodriguez,39,Female,john.rodriguez902@example.com,+1-842-836-3064,8627 Pine St,Phoenix,AZ,USA
903,Bob Johnson,50,Female,bob.johnson903@example.com,+1-633-448-3621,483 Main St,Dallas,TX,USA
904,Hank Jones,33,Female,hank.jones904@example.com,+1-843-532-9278,1909 Main St,Philadelphia,PA,USA
905,Charlie Rodriguez,40,Male,charlie.rodriguez905@example.com,+1-148-874-3043,7452 3rd St,San Jose,CA,USA
906,John Garcia,39,Male,john.garcia906@example.com,+1-924-863-9737,9857 2nd St,Philadelphia,PA,USA
907,Charlie Jones,60,Male,charlie.jones907@example.com,+1-831-486-9514,4157 Main St,Philadelphia,PA,USA
908,Grace Wilson,30,Female,grace.wilson908@example.com,+1-565-200-3401,7074 Oak St,Los Angeles,CA,USA
909,Jane Smith,45,Male,jane.smith909@example.com,+1-587-319-8309,1379 3rd St,Dallas,TX,USA
910,Eve Wilson,53,Female,eve.wilson910@example.com,+1-992-370-9172,7037 Oak St,San Diego,CA,USA
911,Eve Williams,27,Male,eve.williams911@example.com,+1-596-828-8499,2219 Pine St,Dallas,TX,USA
912,Jane Brown,47,Female,jane.brown912@example.com,+1-133-864-3569,9259 3rd St,Los Angeles,CA,USA
913,Hank Davis,25,Male,hank.davis913@example.com,+1-478-685-5744,759 Pine St,Chicago,IL,USA
914,Jane Miller,37,Female,jane.miller914@example.com,+1-410-401-8961,558 2nd St,Chicago,IL,USA
915,Hank Davis,21,Female,hank.davis915@example.com,+1-390-320-3999,8108 Main St,Los Angeles,CA,USA
916,Grace Miller,22,Male,grace.miller916@example.com,+1-527-592-6074,9369 Oak St,Philadelphia,PA,USA
917,Eve Garcia,64,Male,eve.garcia917@example.com,+1-880-241-9270,7651 Oak St,San Diego,CA,USA
918,Alice Miller,23,Female,alice.miller918@example.com,+1-496-338-7478,5654 Pine St,New York,NY,USA
919,Frank Jones,59,Male,frank.jones919@example.com,+1-986-269-1406,9471 3rd St,Dallas,TX,USA
920,Jane Rodriguez,23,Male,jane.rodriguez920@example.com,+1-733-654-1866,9442 Pine St,Houston,TX,USA
921,Frank Rodriguez,19,Male,frank.rodriguez921@example.com,+1-774-644-3944,410 3rd St,Houston,TX,USA
922,Bob Wilson,46,Male,bob.wilson922@example.com,+1-926-646-6249,6683 Pine St,New York,NY,USA
923,Frank Smith,39,Female,frank.smith923@example.com,+1-284-524-1394,8749 3rd St,San Antonio,TX,USA
924,Charlie Johnson,25,Male,charlie.johnson924@example.com,+1-654-272-5675,2459 2nd St,Phoenix,AZ,USA
925,Jane Williams,37,Female,jane.williams925@example.com,+1-794-273-1965,5429 2nd St,New York,NY,USA
926,John Jones,42,Male,john.jones926@example.com,+1-427-245-7763,5411 3rd St,San Antonio,TX,USA
927,Jane Smith,30,Male,jane.smith927@example.com,+1-870-711-4874,8176 Pine St,Dallas,TX,USA
928,Eve Johnson,35,Male,eve.johnson928@example.com,+1-425-575-7669,1172 Oak St,New York,NY,USA
929,Eve Brown,19,Female,eve.brown929@example.com,+1-667-700-2663,4135 Pine St,Chicago,IL,USA
930,Charlie Wilson,44,Female,charlie.wilson930@example.com,+1-185-966-9199,3433 2nd St,Philadelphia,PA,USA
931,Grace Williams,68,Male,grace.williams931@example.com,+1-650-533-8401,784 Main St,San Diego,CA,USA
932,Hank Jones,59,Male,hank.jones932@example.com,+1-100-161-8900,4577 Pine St,Phoenix,AZ,USA
933,Eve Miller,58,Male,eve.miller933@example.com,+1-699-960-9361,4709 Main St,Chicago,IL,USA
934,Grace Wilson,22,Female,grace.wilson934@example.com,+1-191-504-3014,2388 Pine St,Phoenix,AZ,USA
935,Eve Brown,57,Female,eve.brown935@example.com,+1-798-450-5282,7517 3rd St,Houston,TX,USA
936,Diana Miller,31,Female,diana.miller936@example.com,+1-713-436-1260,2290 Main St,San Jose,CA,USA
937,Frank Smith,18,Male,frank.smith937@example.com,+1-523-669-9011,6535 Pine St,Los Angeles,CA,USA
938,Jane Rodriguez,19,Female,jane.rodriguez938@example.com,+1-788-226-6783,6266 Pine St,Philadelphia,PA,USA
939,Eve Williams,67,Male,eve.williams939@example.com,+1-227-573-7069,3261 Oak St,New York,NY,USA
940,Bob Smith,66,Female,bob.smith940@example.com,+1-796-826-6862,3237 Main St,San Jose,CA,USA
941,Charlie Brown,32,Female,charlie.brown941@example.com,+1-471-137-5599,8174 Pine St,Houston,TX,USA
942,John Brown,70,Female,john.brown942@example.com,+1-213-990-5544,9424 Pine St,San Diego,CA,USA
943,Alice Rodriguez,30,Male,alice.rodriguez943@example.com,+1-166-702-3101,1165 2nd St,Phoenix,AZ,USA
944,Hank Brown,51,Female,hank.brown944@example.com,+1-296-968-1378,8831 Pine St,Phoenix,AZ,USA
945,Grace Garcia,18,Female,grace.garcia945@example.com,+1-756-789-1849,5392 Oak St,San Antonio,TX,USA
946,Charlie Johnson,61,Female,charlie.johnson946@example.com,+1-607-470-9474,812 2nd St,New York,NY,USA
947,Charlie Davis,52,Female,charlie.davis947@example.com,+1-423-105-7420,3288 3rd St,Los Angeles,CA,USA
948,Hank Smith,65,Male,hank.smith948@example.com,+1-806-533-2219,4195 2nd St,Chicago,IL,USA
949,Diana Jones,22,Male,diana.jones949@example.com,+1-128-591-8077,493 Pine St,Philadelphia,PA,USA
950,Charlie Brown,24,Female,charlie.brown950@example.com,+1-344-448-1891,5565 Pine St,Houston,TX,USA
951,Jane Wilson,57,Female,jane.wilson951@example.com,+1-882-197-8314,9585 Main St,Los Angeles,CA,USA
952,John Smith,42,Female,john.smith952@example.com,+1-968-810-2065,2189 Main St,San Diego,CA,USA
953,John Jones,57,Female,john.jones953@example.com,+1-167-204-1914,9262 Main St,Phoenix,AZ,USA
954,Eve Davis,24,Female,eve.davis954@example.com,+1-338-985-1173,7528 Oak St,San Diego,CA,USA
955,Eve Wilson,57,Male,eve.wilson955@example.com,+1-447-766-1425,7539 Pine St,Philadelphia,PA,USA
956,Hank Brown,24,Male,hank.brown956@example.com,+1-112-709-2106,9813 2nd St,San Jose,CA,USA
957,Alice Rodriguez,34,Female,alice.rodriguez957@example.com,+1-531-592-8284,3146 2nd St,Chicago,IL,USA
958,John Smith,26,Female,john.smith958@example.com,+1-698-546-9407,5961 3rd St,San Jose,CA,USA
959,Grace Williams,27,Female,grace.williams959@example.com,+1-416-717-6618,4868 3rd St,New York,NY,USA
960,Grace Wilson,60,Male,grace.wilson960@example.com,+1-158-343-9308,9266 Main St,San Antonio,TX,USA
961,Diana Brown,30,Male,diana.brown961@example.com,+1-904-170-6595,3202 Oak St,San Diego,CA,USA
962,Hank Miller,55,Female,hank.miller962@example.com,+1-730-406-7859,5484 2nd St,Los Angeles,CA,USA
963,Frank Smith,49,Male,frank.smith963@example.com,+1-103-754-4654,3872 Oak St,San Jose,CA,USA
964,Bob Brown,48,Female,bob.brown964@example.com,+1-926-857-7158,3463 Oak St,Chicago,IL,USA
965,John Miller,18,Male,john.miller965@example.com,+1-466-130-2887,2433 3rd St,San Diego,CA,USA
966,Bob Wilson,66,Female,bob.wilson966@example.com,+1-144-130-4262,3341 3rd St,Chicago,IL,USA
967,Bob Jones,64,Male,bob.jones967@example.com,+1-447-967-5029,3025 2nd St,New York,NY,USA
968,Alice Jones,24,Male,alice.jones968@example.com,+1-951-793-3248,6308 Main St,Philadelphia,PA,USA
969,Bob Jones,47,Male,bob.jones969@example.com,+1-478-928-7100,2907 Pine St,San Jose,CA,USA
970,Eve Johnson,25,Male,eve.johnson970@example.com,+1-233-913-4107,3240 Pine St,San Antonio,TX,USA
971,Diana Miller,56,Female,diana.miller971@example.com,+1-751-350-1756,9722 2nd St,Dallas,TX,USA
972,Charlie Williams,38,Male,charlie.williams972@example.com,+1-154-744-5588,2171 Pine St,San Jose,CA,USA
973,Frank Brown,64,Male,frank.brown973@example.com,+1-903-581-2062,2843 Pine St,San Antonio,TX,USA
974,Grace Miller,49,Female,grace.miller974@example.com,+1-283-429-7125,8709 Oak St,San Diego,CA,USA
975,Frank Jones,55,Female,frank.jones975@example.com,+1-753-909-1599,3494 2nd St,Houston,TX,USA
976,Frank Brown,43,Male,frank.brown976@example.com,+1-413-535-7178,9461 2nd St,Philadelphia,PA,USA
977,Charlie Rodriguez,23,Male,charlie.rodriguez977@example.com,+1-869-186-5834,7382 Pine St,Philadelphia,PA,USA
978,Bob Wilson,20,Female,bob.wilson978@example.com,+1-624-736-6511,7081 Oak St,San Diego,CA,USA
979,Eve Davis,41,Female,eve.davis979@example.com,+1-424-379-7264,504 2nd St,San Diego,CA,USA
980,Bob Jones,59,Male,bob.jones980@example.com,+1-467-184-5825,8320 Pine St,Dallas,TX,USA
981,Jane Jones,32,Male,jane.jones981@example.com,+1-221-173-6902,727 Pine St,Houston,TX,USA
982,Diana Brown,61,Female,diana.brown982@example.com,+1-356-409-5496,3223 Pine St,Chicago,IL,USA
983,Grace Jones,18,Female,grace.jones983@example.com,+1-388-942-6679,6716 Oak St,San Jose,CA,USA
984,John Garcia,59,Male,john.garcia984@example.com,+1-986-507-4728,3817 2nd St,San Diego,CA,USA
985,Bob Rodriguez,55,Female,bob.rodriguez985@example.com,+1-839-933-8559,5681 Main St,Philadelphia,PA,USA
986,Bob Davis,67,Female,bob.davis986@example.com,+1-314-549-8372,9249 Main St,Philadelphia,PA,USA
987,Alice Wilson,26,Female,alice.wilson987@example.com,+1-855-109-9188,5910 3rd St,Houston,TX,USA
988,Eve Davis,61,Female,eve.davis988@example.com,+1-881-897-9808,5009 3rd St,San Jose,CA,USA
989,John Wilson,68,Male,john.wilson989@example.com,+1-242-257-6410,9409 Pine St,San Jose,CA,USA
990,Hank Davis,42,Male,hank.davis990@example.com,+1-500-165-9757,6431 2nd St,San Diego,CA,USA
991,Jane Miller,54,Female,jane.miller991@example.com,+1-754-411-2527,2908 Main St,Dallas,TX,USA
992,Alice Smith,70,Female,alice.smith992@example.com,+1-127-291-4260,1238 Oak St,Phoenix,AZ,USA
993,Bob Brown,36,Male,bob.brown993@example.com,+1-565-158-7039,8595 Main St,Chicago,IL,USA
994,Diana Davis,43,Male,diana.davis994@example.com,+1-213-232-9789,6955 Oak St,Los Angeles,CA,USA
995,Eve Brown,26,Male,eve.brown995@example.com,+1-417-542-8778,2701 Pine St,San Jose,CA,USA
996,Charlie Wilson,30,Female,charlie.wilson996@example.com,+1-382-306-1121,2437 Oak St,Los Angeles,CA,USA
997,Eve Wilson,69,Male,eve.wilson997@example.com,+1-638-436-9043,7639 Oak St,San Jose,CA,USA
998,John Johnson,36,Female,john.johnson998@example.com,+1-455-817-5873,6507 Pine St,Chicago,IL,USA
999,Eve Brown,29,Female,eve.brown999@example.com,+1-568-493-4005,9416 Main St,San Antonio,TX,USA
1000,John Brown,28,Female,john.brown1000@example.com,+1-743-650-5782,1193 2nd St,San Diego,CA,USA
